Query,Qty,Manufacturer,MPN,Octopart URL,Part Description,Description,Schematic Reference,Internal Part Number,Lifecycle,Lead Time,RoHS,Total Qty (@ Batch Size: 1),SKU,SKU,SKU,SKU,SKU,Packaging,Packaging,Packaging,Packaging,Packaging,Unit Price (@ Batch Size: 1),Unit Price (@ Batch Size: 1),Unit Price (@ Batch Size: 1),Unit Price (@ Batch Size: 1),Unit Price (@ Batch Size: 1),In Stock,In Stock,In Stock,In Stock,In Stock,MOQ,MOQ,MOQ,MOQ,MOQ,URL,URL,URL,URL,URL,Distributor [Lowest Price (Preferred Distributors)],SKU [Lowest Price (Preferred Distributors)],Packaging [Lowest Price (Preferred Distributors)],Unit Price (@ Batch Size: 1) [Lowest Price (Preferred Distributors)],Line Total [Lowest Price (Preferred Distributors)],Batch Total [Lowest Price (Preferred Distributors)],In Stock [Lowest Price (Preferred Distributors)],MOQ [Lowest Price (Preferred Distributors)],URL [Lowest Price (Preferred Distributors)],Notes
,,,,,,,,,,,,,Digi-Key,Mouser,Newark,Onlinecomponents.com,RS Components,Digi-Key,Mouser,Newark,Onlinecomponents.com,RS Components,Digi-Key,Mouser,Newark,Onlinecomponents.com,RS Components,Digi-Key,Mouser,Newark,Onlinecomponents.com,RS Components,Digi-Key,Mouser,Newark,Onlinecomponents.com,RS Components,Digi-Key,Mouser,Newark,Onlinecomponents.com,RS Components,,,,,,,,,,
CSTLS4M00G56-B0,1,Murata,CSTLS4M00G56-B0,https://octopart.com/cstls4m00g56-b0-murata-10326657,Ceramic Resonator 4MHz ±0.5% (Tol) -0.4/0.2% (Stability) 47pF 30Ohm 3-Pin Thru-Hole Bulk,,X2,,NRND (Last Updated: 3 weeks ago),15w,Compliant,1,490-7036-ND,81-CSTLS4M00G56-B0,70AC3726,,,Bulk,Bulk,,,,0.21,0.2,0.208,,,4792,2031,380,,,1,1,1,,,https://octopart.com/opatz8j6/a1?t=1PG-bQU7w07pOPkRqDQDPXtQw0uqfL6UBlFqmqyLahxGNjIecSHZ_lhkMEz-OvaMwmOAF54EhW5fMx_hR4qisCrUvc5B1IcwQ6V8bbP-0AJCxOKECGjH0xiEIm074bjRq8qIv6pJANZl_XwRHKDZOdKMsfJwrF4FA10Tsmo6yJCAksuldnqsmB62gjma3VT5paaCA1-GizeZeCPYX2Ll-h6qnI1Uzpp0dplZ0Z4kXto4sXMK3CadVSFqjukBu2Gxa24u,https://octopart.com/opatz8j6/a1?t=MANXfXJ_vdxUoy02_vqFsYJbXdWAieayiMjX9Od9x0-VQpkm0Mf4MjdZjCV6rideE80LroB0oBRya_lktQmIP4tVPo2DbcYycDlhISLTttuRaGrAm2h8d7n4PG0o3_IWVIeUrvFOdf8Gb0Gwn2lY-bF20O3ska6sfu4XXGrsQ2LsyQaAIU-hc8axiCGdWh2ikkLZqlLRVaXyMrWnXzfI_8k5wxDFuGZJukJA69OFtzzFj5SSq91bsR8URaXtFmcfERVN1w,https://octopart.com/opatz8j6/a1?t=wrn2nHv95dgdheLiD3BzKCdLpchzjjkemHSSjGNg-ZFUmRMmjI-t5lt4pjdPFyFm9bEBDnSFYgckQHiFqxZdlbhoc58vHOqjDKqhHn1Os7XA5fUVaedC0xN4FPz-PP6AGtawOWLLBwqEqV_aAGsbo5qDB3FKgfctYWhKZH7FZ8XzWMfehyOUDWw-2zBDrHZhl13uELwEau_U9MSUi1WcQei1DeCLa_o7W5d5VOhBMOonbty1ihQmMZv7hpFQWfyYnS7XTZ4,,,Mouser,81-CSTLS4M00G56-B0,Bulk,0.2,0.2,0.2,2031,1,https://octopart.com/opatz8j6/a1?t=MANXfXJ_vdxUoy02_vqFsYJbXdWAieayiMjX9Od9x0-VQpkm0Mf4MjdZjCV6rideE80LroB0oBRya_lktQmIP4tVPo2DbcYycDlhISLTttuRaGrAm2h8d7n4PG0o3_IWVIeUrvFOdf8Gb0Gwn2lY-bF20O3ska6sfu4XXGrsQ2LsyQaAIU-hc8axiCGdWh2ikkLZqlLRVaXyMrWnXzfI_8k5wxDFuGZJukJA69OFtzzFj5SSq91bsR8URaXtFmcfERVN1w,
ECS-214-S-4X,1,ECS International,ECS-214-S-4X,https://octopart.com/ecs-214-s-4x-ecs+international-88334749,Crystals 21.47727MHz SERIES,,X1,,,,Compliant,1,,520-HCU2147-SX,,,,,Bulk,,,,,0.69,,,,,578,,,,,1,,,,,https://octopart.com/opatz8j6/a1?t=8rd1Ptj0LPnM14a3JlgvckCNlNY8dXUEfbQELLhsv6FXqQF_XX6t80pYGpsOIPJ98rJYBVbHbCzUvei6sHjiMKe75Xs0L4-kOOJt8BbGG5j8R87CQ6V-tdMbkuMSicNm8yfZ7Na1FMdj26S3HLnD-FkJUWTyiTl-q9Bd2y0I_ynkyNBELLVB6bjEH1DXVE7OWGIzBCi59CaB7rw3GaivmZUhuuviA_-Ex5N2_UW2HgIcTIsAUm8Rg3DKhin-Ifg1e7oDtDw,,,,Mouser,520-HCU2147-SX,Bulk,0.69,0.69,0.69,578,1,https://octopart.com/opatz8j6/a1?t=8rd1Ptj0LPnM14a3JlgvckCNlNY8dXUEfbQELLhsv6FXqQF_XX6t80pYGpsOIPJ98rJYBVbHbCzUvei6sHjiMKe75Xs0L4-kOOJt8BbGG5j8R87CQ6V-tdMbkuMSicNm8yfZ7Na1FMdj26S3HLnD-FkJUWTyiTl-q9Bd2y0I_ynkyNBELLVB6bjEH1DXVE7OWGIzBCi59CaB7rw3GaivmZUhuuviA_-Ex5N2_UW2HgIcTIsAUm8Rg3DKhin-Ifg1e7oDtDw,
SN74HCU04N,1,Texas Instruments,SN74HCU04N,https://octopart.com/sn74hcu04n-texas+instruments-465549,Gate / Inverter Logic IC Leaded Process; function (IC): Hex Inverter; Base Number: 7404,,U9,,Production (Last Updated: 5 days ago),12w,Compliant,1,296-9820-5-ND,595-SN74HCU04N,,,,Tube,Tube,,,,0.63,0.61,,,,2590,1109,,,,1,1,,,,https://octopart.com/opatz8j6/a1?t=6lcBXIwJBXe0h_bkWu71HgyhdSfbEGM3MtYbLTDJ3gYsLI5vrmxnCzzz2yDtWza8_uBDRKcDtiQIT_ZLQFFHAUKSa3cJuKFPtFF7Jy0MkSjYo7Qw_t2z0cj7YPxGJQ5maot8v6qEKH6yPfHavaLU2kiKJc0w53nwfeFytxM3r7bp-brIqdVgF4Ba9avAZhCzF6zPNGUfIlIt0nssZLybY9VRvSfaPjO2OWTx5hPHVnK_HmWhQqfENqS-p4nd0gCv,https://octopart.com/opatz8j6/a1?t=cJbUkKwuuMz5gYnjPFdk1qGFlu_5I3ELnL6CTcODu5JQ6CHBvPXk8ow5-yxHL1UYdmVfbGXtRUOLuSxTyPHURSXlpmHBEybbN8ACR8t4R4Pc9xl5y2VOjYqELRPNsL5aVZHReWdVeofsozNkeYIw78OXCoRwyz3o2ogVobz2fckrr0ZMEab9ccuSDh7AYguqIq-ywvawSQj2l1ikgtp-Pal1iaP1ELHIeckrZMo-i5vdMHKlrrGKATlgVsKxEj0KClQ,,,,Mouser,595-SN74HCU04N,Tube,0.61,0.61,0.61,1109,1,https://octopart.com/opatz8j6/a1?t=cJbUkKwuuMz5gYnjPFdk1qGFlu_5I3ELnL6CTcODu5JQ6CHBvPXk8ow5-yxHL1UYdmVfbGXtRUOLuSxTyPHURSXlpmHBEybbN8ACR8t4R4Pc9xl5y2VOjYqELRPNsL5aVZHReWdVeofsozNkeYIw78OXCoRwyz3o2ogVobz2fckrr0ZMEab9ccuSDh7AYguqIq-ywvawSQj2l1ikgtp-Pal1iaP1ELHIeckrZMo-i5vdMHKlrrGKATlgVsKxEj0KClQ,
SN74HC368N,1,Texas Instruments,SN74HC368N,https://octopart.com/sn74hc368n-texas+instruments-51845,Buffer/Line Driver 6-CH Inverting 3-ST CMOS 16-Pin PDIP Tube,,U8,,Production (Last Updated: 5 days ago),6w,Compliant,1,296-8308-5-ND,595-SN74HC368N,,,,Tube,Tube,,,,0.65,0.62,,,,4344,980,,,,1,1,,,,https://octopart.com/opatz8j6/a1?t=DdQ-_zYAzuuE_Ll3lh76wSsakFellOfF-IlEAqGz8TTOaHA9zev5YwgBRzhDqqlW-lUqoXPdrI0mkUw_11Jsi-fg8BdXzLWKBDR9oQB_bSmCmpD__NmSA90z-U8u-o272-j34h0Oate8G49js_E_-s3lFw9p60ltO6hFLEMdOk1jrcrgxjb-pQPOrcRBjKm0I2tCuzvwvRaqXWRXRS5gfD05gXBVbUoGd2dxsLwPFXXdQkfLwGH3TgDHlTXcS6s,https://octopart.com/opatz8j6/a1?t=wrO5I9XWqSs4Z2bG63S8-EADfYy6vzVa8WtAdNHBaNdM6x3PlRs06PlAgJfLZZVmj1zU8aLcTWtY2CvVvZWqSMOC8mDYosPHaqJEKENYP4GYOH8eYIenXCRbCuNpVTrXLTL0188k4kR5MUwxGmoRnLDPy__180GxHOSsBoutEbnMmEePch0_6b98ymGDgExX2YwttK7-9lte0dm49VbQK7TUZki2oyU8uxj3hOTMwxzKn5dnDIz0U0ZxNe3zNu6aBg,,,,Mouser,595-SN74HC368N,Tube,0.62,0.62,0.62,980,1,https://octopart.com/opatz8j6/a1?t=wrO5I9XWqSs4Z2bG63S8-EADfYy6vzVa8WtAdNHBaNdM6x3PlRs06PlAgJfLZZVmj1zU8aLcTWtY2CvVvZWqSMOC8mDYosPHaqJEKENYP4GYOH8eYIenXCRbCuNpVTrXLTL0188k4kR5MUwxGmoRnLDPy__180GxHOSsBoutEbnMmEePch0_6b98ymGDgExX2YwttK7-9lte0dm49VbQK7TUZki2oyU8uxj3hOTMwxzKn5dnDIz0U0ZxNe3zNu6aBg,
SN74HC368N,1,Texas Instruments,SN74HC368N,https://octopart.com/sn74hc368n-texas+instruments-51845,Buffer/Line Driver 6-CH Inverting 3-ST CMOS 16-Pin PDIP Tube,,U7,,Production (Last Updated: 5 days ago),6w,Compliant,1,296-8308-5-ND,595-SN74HC368N,,,,Tube,Tube,,,,0.65,0.62,,,,4344,980,,,,1,1,,,,https://octopart.com/opatz8j6/a1?t=DdQ-_zYAzuuE_Ll3lh76wSsakFellOfF-IlEAqGz8TTOaHA9zev5YwgBRzhDqqlW-lUqoXPdrI0mkUw_11Jsi-fg8BdXzLWKBDR9oQB_bSmCmpD__NmSA90z-U8u-o272-j34h0Oate8G49js_E_-s3lFw9p60ltO6hFLEMdOk1jrcrgxjb-pQPOrcRBjKm0I2tCuzvwvRaqXWRXRS5gfD05gXBVbUoGd2dxsLwPFXXdQkfLwGH3TgDHlTXcS6s,https://octopart.com/opatz8j6/a1?t=wrO5I9XWqSs4Z2bG63S8-EADfYy6vzVa8WtAdNHBaNdM6x3PlRs06PlAgJfLZZVmj1zU8aLcTWtY2CvVvZWqSMOC8mDYosPHaqJEKENYP4GYOH8eYIenXCRbCuNpVTrXLTL0188k4kR5MUwxGmoRnLDPy__180GxHOSsBoutEbnMmEePch0_6b98ymGDgExX2YwttK7-9lte0dm49VbQK7TUZki2oyU8uxj3hOTMwxzKn5dnDIz0U0ZxNe3zNu6aBg,,,,Mouser,595-SN74HC368N,Tube,0.62,0.62,0.62,980,1,https://octopart.com/opatz8j6/a1?t=wrO5I9XWqSs4Z2bG63S8-EADfYy6vzVa8WtAdNHBaNdM6x3PlRs06PlAgJfLZZVmj1zU8aLcTWtY2CvVvZWqSMOC8mDYosPHaqJEKENYP4GYOH8eYIenXCRbCuNpVTrXLTL0188k4kR5MUwxGmoRnLDPy__180GxHOSsBoutEbnMmEePch0_6b98ymGDgExX2YwttK7-9lte0dm49VbQK7TUZki2oyU8uxj3hOTMwxzKn5dnDIz0U0ZxNe3zNu6aBg,
ED40DT,2,On Shore Technology,ED40DT,https://octopart.com/ed40dt-on+shore+technology-5349672,Conn DIP Socket SKT 40 POS Solder ST Thru-Hole,,"U5, U6",,,8w,Compliant,2,ED3048-5-ND,,,,,Tube,,,,,0.59,,,,,0,,,,,1,,,,,https://octopart.com/opatz8j6/a1?t=AcH-LWE8SI8sk3LMhcrclHiIQqxwdvnj3YglPscLhPEA7UgLwLSbY3uGQhCRIOVTU5NVN102E9QnnR7t2rLDNNJK8PRfc2gtKLxUS0eXXBD7qEvnqsI_o8QRV_ppH7fcdBGRhvhkQDHC7KWOzDg2c0SkXdCu5jYmvTHHsF7xuZmbHbQoT68oq2TzvdOQMGQwZxP488E4-VKjoXBPvc5PFUwBXCtmmyOuJmTlUcuGqxL3H1d-fnJ0BwcpcTkGuXickTY,,,,,DigiKey,ED3048-5-ND,Tube,0.59,1.18,1.18,0,1,https://octopart.com/opatz8j6/a1?t=AcH-LWE8SI8sk3LMhcrclHiIQqxwdvnj3YglPscLhPEA7UgLwLSbY3uGQhCRIOVTU5NVN102E9QnnR7t2rLDNNJK8PRfc2gtKLxUS0eXXBD7qEvnqsI_o8QRV_ppH7fcdBGRhvhkQDHC7KWOzDg2c0SkXdCu5jYmvTHHsF7xuZmbHbQoT68oq2TzvdOQMGQwZxP488E4-VKjoXBPvc5PFUwBXCtmmyOuJmTlUcuGqxL3H1d-fnJ0BwcpcTkGuXickTY,
SN74HC139N,1,Texas Instruments,SN74HC139N,https://octopart.com/sn74hc139n-texas+instruments-17212,Decoder/Demultiplexer; Dual 2 to 4 Line Decoder-Demultiplexer; 0 to 5 V; PDIP,,U3,,Production (Last Updated: 5 days ago),12w,Compliant,1,296-8230-5-ND,595-SN74HC139N,33AH4851,,,Tube,Tube,,,,1.31,1.17,0.147,,,1638,704,19,,,1,1,1,,,https://octopart.com/opatz8j6/a1?t=6z5jprMGpA9zy9EgBa-7CFt2yzNS0I-T5BHyO4dArpAxBJ0n1FKjZLJLZP2FMtqNR_WU7llPM_ncSvw1BtOaeC1J-ACwVqVR9SEnyGdZ8BZnZc1HTWBT3URK4PhWYADaro0nO8YjVRBnja_JFHjsE_mGI667b4Qtfrgh6nfhOzJMn-nkpdV61QZKogLC_fiotH8HvSjLxkyfhFR8ANoKgtTlfkZFcZapMMuMz7ocplENW3B97U4Yuo-ouMaxnKA,https://octopart.com/opatz8j6/a1?t=ypYWARBOZrOhD3fJWOR6ILDVqGlz7dxE1u_xq92MLTvqxGNZyPJRfg-V4TXN414dtBaIGR0jzVHr5GXBsvCycusE58cT23MPX2JG_E7v1jutYZgYs0fpWPzYM_4KhM1_B08An7Ta0nwQ2XrlTUCq1IH1ItkyI71R-G5g0zQ2jSzgNTVNJA1Dc9EolBuxOQNuOuum0zBg0YbzrOharSgZ-RPnWg2FdDwv6nCABtWI3YIBnQzm2vRVMesYkzDaqU_cJQ,https://octopart.com/opatz8j6/a1?t=2OmX0tYskLMfFmh2mQpGCho8SjIaLe6jA9YihyhgYp752_K88BgHQtnZTDsEYn1t40Erd_vshtQeVOgMa79egEKsPCEqtJzXE67wCScR7Fs2U_IOcTJFoyE-C5lTcAS9ydi2yfSA6KrGdFT7qsLCqEiqcNi5SzyJic2_IINMT1oSHDMtN-bCK3k_8FdnedvrrjUa6hLvJoazDIQHyfsvH82901ghj0nTK5-WmI0Y299zLj0jhOwbYjB_EPC0Vc1A_FQ,,,Newark,33AH4851,,0.147,0.147,0.147,19,1,https://octopart.com/opatz8j6/a1?t=2OmX0tYskLMfFmh2mQpGCho8SjIaLe6jA9YihyhgYp752_K88BgHQtnZTDsEYn1t40Erd_vshtQeVOgMa79egEKsPCEqtJzXE67wCScR7Fs2U_IOcTJFoyE-C5lTcAS9ydi2yfSA6KrGdFT7qsLCqEiqcNi5SzyJic2_IINMT1oSHDMtN-bCK3k_8FdnedvrrjUa6hLvJoazDIQHyfsvH82901ghj0nTK5-WmI0Y299zLj0jhOwbYjB_EPC0Vc1A_FQ,
SN74HC373N,1,Texas Instruments,SN74HC373N,https://octopart.com/sn74hc373n-texas+instruments-471147,Latch; Octal Transparent D-Type Latch; 0 to 5 V; 500 ns (Max.) @ 4.5 V; PDIP-N,,U2,,Production (Last Updated: 5 days ago),6w,Compliant,1,296-1591-5-ND,595-SN74HC373N,29AH1488,,,Tube,Tube,,,,0.82,0.79,0.822,,,796,1757,311,,,1,1,1,,,https://octopart.com/opatz8j6/a1?t=6ob9KxBiUm62hQBGQmaGPcNGJhNhbJw26cF1M5zeQMLneCqjY1Uc3UEfID-Y7aEr2UHu1NgewV5EvO9NiQjE_MBuPBu25K7COGkflX7EBdY92AYe4RT2pPCdAEgcYFxJPptELg9JDTfEGkG1HFgyMyYgdlEBxrHld0dUNgL3SYpyfI0nCtBoTRO47fu8-xdcGCCuV8Hhh84--7bTz-F7eJRGCQ3N-lUeGKSdkiuXVYbKdGXCKcivrdzjxv6-y5un,https://octopart.com/opatz8j6/a1?t=kFG1QMSgN28XuIiD3_vOFY-tqBeMQpEG21iGCV-d3BGIX3diRBNjCP09n_2j9M0_tu7GboRjVz-BxBias4gppD2brJVOMtcl_lgbczocDIKnCwMHbNPlExE1hxgATIBOXeIiOfP4i7Bla6cIi0Zg5t_KRDeFx215zsOWYcLjpoMSsJ37JIwCev95mhY5IzEWFgFwlRDk_1_UDaBHHkzZ4_v-6O12JfNs7v_T4evtl2srliCIFt2eLBHxPr70m3HQtZ0,https://octopart.com/opatz8j6/a1?t=yCzqEqcs68s1GKAZPgDsDY_phmhNAZUiTuNmtH2VFOSOI5P8cBBIoZA6Gs_dhmrJ6d0VmE-HcQbxVzVeDngYredzGQTCUO8SIPh_iGkC5NyekTZICKBGXfHfHbswGwsxPIKo9xAPpjNpJuKu8v6XzuCxnKZxFHavOHfyeBAGX_4f7Pz5eJThCysggB-AVVDKtRqFnAIF5n04KQt3kh2kOc0Pt3ZvVaETcaPBmcSmPrcsr7lOlCYgm15dLPltMN5yhMAV,,,Mouser,595-SN74HC373N,Tube,0.79,0.79,0.79,1757,1,https://octopart.com/opatz8j6/a1?t=kFG1QMSgN28XuIiD3_vOFY-tqBeMQpEG21iGCV-d3BGIX3diRBNjCP09n_2j9M0_tu7GboRjVz-BxBias4gppD2brJVOMtcl_lgbczocDIKnCwMHbNPlExE1hxgATIBOXeIiOfP4i7Bla6cIi0Zg5t_KRDeFx215zsOWYcLjpoMSsJ37JIwCev95mhY5IzEWFgFwlRDk_1_UDaBHHkzZ4_v-6O12JfNs7v_T4evtl2srliCIFt2eLBHxPr70m3HQtZ0,
6116SA15SOG,2,Renesas,6116SA15SOG,https://octopart.com/6116sa15sog-renesas-106910578,SRAM Chip Async Single 5V 16K-Bit 2K x 8 15ns 24-Pin SOIC Tube/Tray,,"U1, U4",,,18w,Compliant,2,6116SA15SOG-ND,972-6116SA15SOG,,,,Tube,Tube,,,,6.38,6.37,,,,0,200,,,,1,1,,,,https://octopart.com/opatz8j6/a1?t=t2vn7zgdTnsa3HekhXFx8zoa5l7GhOAG1IM0oPVfBgk7YpvR908TGtQz0FdR1p_evKyNqBaZB4DtxlGfVHqggkfBJfzIAkWHNITkvbhOJTFbQbPwRHCSj5PlzhE0zU6_vtHVPQHg9beG8zjy-FE7GC_4tQcGtI75IzwtiPPyK5TJfYUh4tElJwZAfmuymmcpbIyGVwKVqJIuhCtOJDvQiMNHK4QTLio5hF60-zZ3hsEQ01HjVbt-T9z13h6P19chhdAFIPc,https://octopart.com/opatz8j6/a1?t=zx2U5-ecGHWxzHlnUrnHWx6I-gYkPcHlC8wPBV1GMucNjkTzaBtrg4g7O7JQjTwQSRPwszHZB_0q5rUtmWqtdhPaHKYKTJyOlaeVoZKra-9S_ibIQ7TtTjB3QOAJ2qokw134DOrPH-HjRT_fKXhq46MFLridbkXGxoy3oAeNws-3nEeDTq1k1VKcycWhwd5-MV2onauE8YXy8iUm3MzB5cdH6YDbMb7mwcOaOzhTidzJaH74iU2Vzm3sc0_0j2O5owwbhrnt,,,,Mouser,972-6116SA15SOG,Tube,6.37,12.74,12.74,200,1,https://octopart.com/opatz8j6/a1?t=zx2U5-ecGHWxzHlnUrnHWx6I-gYkPcHlC8wPBV1GMucNjkTzaBtrg4g7O7JQjTwQSRPwszHZB_0q5rUtmWqtdhPaHKYKTJyOlaeVoZKra-9S_ibIQ7TtTjB3QOAJ2qokw134DOrPH-HjRT_fKXhq46MFLridbkXGxoy3oAeNws-3nEeDTq1k1VKcycWhwd5-MV2onauE8YXy8iUm3MzB5cdH6YDbMb7mwcOaOzhTidzJaH74iU2Vzm3sc0_0j2O5owwbhrnt,Alternate: Renesas 6116SA15TPG
PA0009,2,Chip Quik,PA0009,https://octopart.com/pa0009-chip+quik-51024752,SOIC-24 to DIP-24 SMT Adapter,,"U1, U4",,,4w,Compliant,2,PA0009-ND,910-PA0009,,,,Bulk,,,,,5.29,5.29,,,,153,120,,,,1,1,,,,https://octopart.com/opatz8j6/a1?t=yGSCWHQ8TkmJ5V7bggzjU66A_UqduWRXOkeMg6HI7eG0brnkf5ht3TcYTzYFxnZZbRzVl4FHN7oNJawPuXYH8Ax2O4p9B2CHdr7Y8DNzYY7kjYpLYTfJIX-xlin0tjw2dTQPO298a59TMCAhs5t-8fml8u0T7y1ga7mkTCPHmD8sroUe0ZmbHhd_cFLTw8vg9sm7CJo8jbiZ_x8xeEcb2SvTWA7RmYMgMX1QYEe4lALD12xv-_MxBBKuG5snHzlYnN9Rmw,https://octopart.com/opatz8j6/a1?t=DJlrKJBZZVh4BXU4LCqPFiJb4izm611pEQQi_jFDTQTeSr1lsI8ZNxJf2fFGnPAK2IpEX2gu8a50xwjKqa1Bcr69Ms71BXTx7gFKYbFa0oRDsEEJrefmA9vyJ3eQwFR_blpjIILgOz0NZ5ubzzznYcBUYjogmyTGjTQWMvLGYyCuGlWSJY9IIdQdYoz0WMQ9CsoUsV_PIRbYk07nm_FFkK-jKHVU6tyTYKVIMdVWu5JsgsdngpnSJeabMWpytBIh7LyDHjQ,,,,DigiKey,PA0009-ND,Bulk,5.29,10.58,10.58,153,1,https://octopart.com/opatz8j6/a1?t=yGSCWHQ8TkmJ5V7bggzjU66A_UqduWRXOkeMg6HI7eG0brnkf5ht3TcYTzYFxnZZbRzVl4FHN7oNJawPuXYH8Ax2O4p9B2CHdr7Y8DNzYY7kjYpLYTfJIX-xlin0tjw2dTQPO298a59TMCAhs5t-8fml8u0T7y1ga7mkTCPHmD8sroUe0ZmbHhd_cFLTw8vg9sm7CJo8jbiZ_x8xeEcb2SvTWA7RmYMgMX1QYEe4lALD12xv-_MxBBKuG5snHzlYnN9Rmw,
4613X-101-103LF,1,Bourns,4613X-101-103LF,https://octopart.com/4613x-101-103lf-bourns-1656444,Res Thick Film NET 10K Ohm 2% 1.63W ±100ppm/°C BUS Conformal 13-Pin SIP Pin Thru-Hole Bulk,,RA1,,,15w,Compliant,1,4613X-101-103LF-ND,652-4613X-1LF-10K,67AC8758,4613X-101-103LF,,Bulk,Bulk,,Bulk,,0.59,0.59,0.642,,,983,819,561,2000,,1,1,1,500,,https://octopart.com/opatz8j6/a1?t=9MPaCBrwJbv42WLEMZ6-dvzotL4MGlSnkxRXyUl4Pmd54oU3vuLNaeCp8_Y-n0QGG4xYTS4uvbVrsDfrkSs4WgtRwsBr1sp4_UvQT8WZVpxqO_Q7_0uh9peZhhlcgsJAecA-qYk4n5MhZ3nAxGzBxI-TKcF_Ge-a0zEZkM_EFhZdo_nXvVfivFusgU4g7C3D1NeKxZklKryacCmI5L5iPtHsuwFrLm6kqPY8d-Vxy5Qcddx9VPWtKLyRLlGX4htZEsk,https://octopart.com/opatz8j6/a1?t=_GuT21udh3Vxor0IIlkyEYxsaHwpnrW-B4t4QaGkjWokCjmDCBvpTs5N4LLtIYOZUhvH5hGihUJiR_ko6feliOjAYpy9-Br82PeINL6y0IKHWNm2rbbZ0WRqAQa8hdUZQmp3PEsc7x-Afbvg4fVsKLtldq5meHNc6stzFs2OPOQxohuZqGUI59xXUnGN8VinblUP1qRgYGR5LSqpOoGSC4S9XqqhjGcf1Zn4pxnteCyJxhZRbeUbvt6A9EHvR7-t5F20,https://octopart.com/opatz8j6/a1?t=qti89BN9GHKMmHOYn9V2q0xIvSAx1GCSy2TwM-up4i1dN_tDYEalys7qkBweoFlUaoUNUyhx6FGZ0yq4Bmo_3brepHJ5JdjKer5vxL-8U1aBLSOZcFpRn8F90P8CiZPp_mMVXqlXlFRERbFzth16UQpbRIUfHRoGpZke8JjxYuCKNaQrIJSwtTNzcD2V8muYeRfbXm6310HNX-f8sMv4wopWdJmeI1h817dvMI7gnVr4ZqaXEZGxXKrP2iQSvNHM0rfDQg,https://octopart.com/opatz8j6/a1?t=r2PUjUlVy3UYtCiD8vkhua8urCayyF8iaA7TFSsN-7og-QXcthwIQImk4xC2Nm8s6dya6yCUGZSlgEet9fPtomXNoIX-zsKkQg1JJa2vPXA0OAjjV4-87bUVwQlnLaju3iUu07mnoTrRacg46mUw2aW0MZ-YFSYoA7Tz0xJxHE64ba69u9zeI6tiyuX6bMYn5fDTKWyPoHoCh-8SdibPx7Qf_mvrEE_jWe9Ggl4QZDcKlKm72SjAPfsZpClAtlC28dqhrg,,DigiKey,4613X-101-103LF-ND,Bulk,0.59,0.59,0.59,983,1,https://octopart.com/opatz8j6/a1?t=9MPaCBrwJbv42WLEMZ6-dvzotL4MGlSnkxRXyUl4Pmd54oU3vuLNaeCp8_Y-n0QGG4xYTS4uvbVrsDfrkSs4WgtRwsBr1sp4_UvQT8WZVpxqO_Q7_0uh9peZhhlcgsJAecA-qYk4n5MhZ3nAxGzBxI-TKcF_Ge-a0zEZkM_EFhZdo_nXvVfivFusgU4g7C3D1NeKxZklKryacCmI5L5iPtHsuwFrLm6kqPY8d-Vxy5Qcddx9VPWtKLyRLlGX4htZEsk,
CF18JT1K00,2,Stackpole Electronics,CF18JT1K00,https://octopart.com/cf18jt1k00-stackpole+electronics-19205674,Res Carbon Film 1K Ohm 5% 0.125W(1/8W) -400ppm/ to 0ppm/ Conformal Coated AXL T/R,,"R18, R19",,,16w,Compliant,2,CF18JT1K00CT-ND,708-CF18JT1K00,,CF18JT1K00,,Cut Tape,Tape & Reel,,Bulk,,0.1,0.1,,,,73219,32610,,15000,,1,1,,5000,,https://octopart.com/opatz8j6/a1?t=x7xl1mf31oTXG3KLr2vesVuXAv8cuGaTqWqfiOnWH72Tzct1pxnkzkfzClbIXTQN7XiMkyURNRjNpOq8ncEm-BfvQgoA8O3aEm7Y6WUjWdBFz_qOT4OmhsLgkgaZw-RlL13AYktULEFTNJeVxChaG2pBMPJ-TDbgXUC4yNoIoa_f9cR7KugCz7kn2rkasQkqOBiTxbekr5WJYISPdtOnrXMqbmRccBBrrgEmZnKYHglSfa3j-gRvH7oymYRL-YkaOGtb,https://octopart.com/opatz8j6/a1?t=02COt-t5HsBC-lObCzu2AOK11dzFbZ0i-xYv1CV_cHAs_CU5sWVeBDtztQ9jhzYkV7bzIWfGMgzya9hPB94voK52YnnUncuNx-Lws5YRtKLFDwiQ7lgG0pdrRCnN1UsxBlJ7v7hxr8wjY9dR9BVrpT4oVgdRRVnWf1_GMZ37Ig2yX452MO0hoXVbMznLN6cPIwpYdiEmzW1uTy4sEhgqE6E3Uy5CS53r2ABA4fTJyWTZxGLHg1-HZsGoMD6iMPhi5gSelvU,,https://octopart.com/opatz8j6/a1?t=yAYGCR7wxIvBtS7D4EIWwmZJfCtEOKO9bzc0lRN_kjASOiEJnsMBAeePkppWDHiANRagRmWAKSTjE9iAzAqeWPG4a9dja48aB101ELm4e98NpX_V-FfeyJutEGC8ACa6P1KtejFfKmuPfgKhNzExB1BAJAHsGx-cQZxCxjFUfY0O6U4zqsZzgZIFSp_RnfiP3sBMGyIpjhejqodLITgwqjRrZEU1Jh86vZHHnvq2VJX9F0uuDkpYQdNsJh-8Iwmsu7Q_zFI,,DigiKey,CF18JT1K00CT-ND,Cut Tape,0.1,0.2,0.2,73219,1,https://octopart.com/opatz8j6/a1?t=x7xl1mf31oTXG3KLr2vesVuXAv8cuGaTqWqfiOnWH72Tzct1pxnkzkfzClbIXTQN7XiMkyURNRjNpOq8ncEm-BfvQgoA8O3aEm7Y6WUjWdBFz_qOT4OmhsLgkgaZw-RlL13AYktULEFTNJeVxChaG2pBMPJ-TDbgXUC4yNoIoa_f9cR7KugCz7kn2rkasQkqOBiTxbekr5WJYISPdtOnrXMqbmRccBBrrgEmZnKYHglSfa3j-gRvH7oymYRL-YkaOGtb,
CF14JT2K20,1,Stackpole Electronics,CF14JT2K20,https://octopart.com/cf14jt2k20-stackpole+electronics-19205454,CF FIXED RESISTOR Axial Through Hole Resistor ±5% 0/ -400ppm/C 2.2kOhm 0.25W 1/4W,,R17,,,16w,Compliant,1,CF14JT2K20CT-ND,708-CF14JT2K20,,CF14JT2K20,,Cut Tape,Tape & Reel,,Bulk,,0.1,0.1,,,,275928,95656,,75000,,1,1,,5000,,https://octopart.com/opatz8j6/a1?t=Ry1cVt0jY9tAB4Fu0pUkXfBDBf1S511jSUKop6cyrV4XEdZJFzASoxdSgRWBTDyR36cS00qyX8orTHRbs_orj-nlomzL_AaWQF0eRCcFC12Wvw-YN7N0RY9a-TWQrhv5AfFfx8DdDNYm_QFhoIpeJnfOGy4acWeeu-zTKPhhfpY_5zEowCZ7wKT6OnHbLMP8sEE1W8vmMhbrt9Ck-dZjiXKQufNOobMcRg8uBT6K7KXqlI5k3ZSLD_sFFDNxBaoIL1Y9,https://octopart.com/opatz8j6/a1?t=V7gfyX_xt1sxUaGkjd366o6vPlouIbK49q4-WBSouuHRcFaJeXyFWDjv2eansYmJosyVb0DJv5bTSvl_VnCmtz-XYcFMoRoLOev7R9QHbASm4sWhZSwWd80UenUO0v7kyRFyUKwH5v-T87eoq2jsy1Eb7_movhsyeoL5HDD7mBMHtVz7Z1fHCZNIPpGiTvoJnoRONtapQV_P7NAV9HCIvc73r1sjT9z1WsJHsMnb46IhzqJxrKdrvEP_nFvuw30QGif-ja4,,https://octopart.com/opatz8j6/a1?t=RTS6FqW_0INoV-7RtyTdTLT0cumYU9jxXWMsu-gl9yhTDWhuHu2nFNGVvFMloyhS-AwMCK22EfIjYNzurA51011VDC7Xl4jX_Q8njlT6DL5RHKWVmH3LU2yvNFAjHN_0utct5CBLYFIH8bR3IV0syT02cAgyf0apcrWkL31St5LlmVbI1ZSYK2CSYBhwF2BWHxvRm-CnF2Qqan2_o5Gz3GEPopzCFNcuQh2f2cL7GewS4xw1NnUkAEU2qczlCjVSvsXSHwE,,DigiKey,CF14JT2K20CT-ND,Cut Tape,0.1,0.1,0.1,275928,1,https://octopart.com/opatz8j6/a1?t=Ry1cVt0jY9tAB4Fu0pUkXfBDBf1S511jSUKop6cyrV4XEdZJFzASoxdSgRWBTDyR36cS00qyX8orTHRbs_orj-nlomzL_AaWQF0eRCcFC12Wvw-YN7N0RY9a-TWQrhv5AfFfx8DdDNYm_QFhoIpeJnfOGy4acWeeu-zTKPhhfpY_5zEowCZ7wKT6OnHbLMP8sEE1W8vmMhbrt9Ck-dZjiXKQufNOobMcRg8uBT6K7KXqlI5k3ZSLD_sFFDNxBaoIL1Y9,
CFR-25JB-52-150K,1,Yageo,CFR-25JB-52-150K,https://octopart.com/cfr-25jb-52-150k-yageo-22569037,General Type Carbon Film Resistor 150kOhm 1/4W 5% Axial Bulk,,R13,,,16w,Compliant,1,150KQBK-ND,603-CFR-25JB-52-150K,49AK4906,,,Bulk,Bulk,,,,0.1,0.1,0.01,,,7528,2943,8393,,,1,1,1,,,https://octopart.com/opatz8j6/a1?t=GBvm1YWmP0Qp-ymWB0IgL_9hQ0kmYP6MQBw-ennPMw1bLTfq5CexK307gFRA-kjBw_trVRdaArdlLgI4TSYibQpw7LX89BfLIQuEhtyekRAvhlECMWjsQnabTPgeDsAqrFgrlZEgnmgPL08aZ_LWXAHYDNp0y8p6zeJ24WipqHlIIsViUoKEZQ_zfjATX9BBF8Kf6_4ECTheseXvcau87xATagqdyVC7EYx0tWnB4sL6ly4AJ5bPvWRmJmlVdEJIUEbo,https://octopart.com/opatz8j6/a1?t=BKWq0GjL1OZBgU2rGinl2mOWtBZt0DiP3nWU5FLQ-El73kej9pcExr-YuSz1yCLdWzGZfEyxILmJBdYIIfK8gQjDx3BczXSieeW2hfnQUxoKU8SCkkCkRChMqpsdEmlsymSFdgeQXzBxXPvoeVTLbJZw-jt16jc1EF96WunIPEeWF2h8CEIlhBIqWX1LMTq-tkECJ0-xc0topBsF3xPlyRdMlmQdj0WUJ64akt3dRTW4hMCmHB8E4vYgEiPi7U49cQWJCXI,https://octopart.com/opatz8j6/a1?t=u_j4xw9zx9KSUM24KVkzera_H_0QgtvCy04V9apvGjAq5a96Vk3GvybqOnyPIc4DSEmrSmeG537h_ZF9G1XwMQvlwAtMOoNBMrXL7UBt2C9em5llnteSiDYWbUDRyVJPV7xYczqSzriVPXk8V47HlLZV4xizl0MWsDXKG44xeSwoJTJ9PtZY7i8E5WpTZBpjHS9-D8M6CRcbV6iOLzZtu5jle5oVQHHeOtmW04_GL1lgoA468fcxtzU4H9t3pQato_CD2t8,,,Newark,49AK4906,,0.01,0.01,0.01,8393,1,https://octopart.com/opatz8j6/a1?t=u_j4xw9zx9KSUM24KVkzera_H_0QgtvCy04V9apvGjAq5a96Vk3GvybqOnyPIc4DSEmrSmeG537h_ZF9G1XwMQvlwAtMOoNBMrXL7UBt2C9em5llnteSiDYWbUDRyVJPV7xYczqSzriVPXk8V47HlLZV4xizl0MWsDXKG44xeSwoJTJ9PtZY7i8E5WpTZBpjHS9-D8M6CRcbV6iOLzZtu5jle5oVQHHeOtmW04_GL1lgoA468fcxtzU4H9t3pQato_CD2t8,
CF18JT1K20,1,Stackpole Electronics,CF18JT1K20,https://octopart.com/cf18jt1k20-stackpole+electronics-19205676,CF FIXED RESISTOR Axial Through Hole Resistor ±5% 0/ -400ppm/C 1.2kOhm 0.125W 1/8W,,R11,,,16w,Compliant,1,CF18JT1K20CT-ND,708-CF18JT1K20,,CF18JT1K20,,Cut Tape,Tape & Reel,,Bulk,,0.1,0.1,,,,7250,9898,,0,,1,1,,5000,,https://octopart.com/opatz8j6/a1?t=ed0JQmsb7vJpZgU5DKs_uVbAz2OZl1chIKXUKLd6tQB2xdNA1-798Tv6A5BmaH9pVjxJPNwFeYUqBzx6WoniYu3JqiwS5rGGTIrEOdPnb5eTSMMYZVKzqj6xzQ6ZqaU2I34OiP8whrlZyrKD8E7J-YHuLGw580JnF2oqUPKhQm2_VDbQBy0JMHSCagg0l63llKtQhJxNpFrI2vsb1w2rzu7I1kXJkxV57rE2q5boO0t9BdxiEoCeSdWWka1oGCFstmll,https://octopart.com/opatz8j6/a1?t=vCFKF9KyVLU9sVCBizOVjI-HMsOMmyUm-M-OBkW00rZrY0vw2QypSriUi3GMcSnG-dh-BGPaGP3nT3DeEGnfQfzET_eOdZOdBFDi676d5o6VjjIQHYCJArkRqvQyAwrSd8_SGMVr88udsdCYynwy_PWTsw4hhoZ_bqyszZonyV8z-4w_clhPgNRmELXV0IYH0OU-jalP-qNYgj3NRAQ4Fx7YOwevmy3L3VwCavCZAhalpVyAJbUvmxHMrL-AGA7qOC9VxF9v,,https://octopart.com/opatz8j6/a1?t=vghh2p6N705zkod5cbQZHHMBohQK0xv3toX1WxU36wkw6F_2YU4x60-bIzbFYGsAginPOp9M1G8kqk_i_uoBllt3xEu2Baz1hhR2k6WLr9TtBaAsdIA8fcCs6WcBk0bmGC5YIBVQaKKfgjjzDBqsDzStV4gJxRF1mHzL7YUQCFzos140VUQpX_yaQYiUPyjT5y8uojDotcUFvR7Yz4r3roiGBFdT8k95N6LFcQKpdbeCFszgGEGx2svR535mAchaLv4JfNk,,DigiKey,CF18JT1K20CT-ND,Cut Tape,0.1,0.1,0.1,7250,1,https://octopart.com/opatz8j6/a1?t=ed0JQmsb7vJpZgU5DKs_uVbAz2OZl1chIKXUKLd6tQB2xdNA1-798Tv6A5BmaH9pVjxJPNwFeYUqBzx6WoniYu3JqiwS5rGGTIrEOdPnb5eTSMMYZVKzqj6xzQ6ZqaU2I34OiP8whrlZyrKD8E7J-YHuLGw580JnF2oqUPKhQm2_VDbQBy0JMHSCagg0l63llKtQhJxNpFrI2vsb1w2rzu7I1kXJkxV57rE2q5boO0t9BdxiEoCeSdWWka1oGCFstmll,
CF18JT220K,1,Stackpole Electronics,CF18JT220K,https://octopart.com/cf18jt220k-stackpole+electronics-19205700,CF FIXED RESISTOR Axial Through Hole Resistor ±5% 0/ -850ppm/C 220kOhm 0.125W 1/8W,,R10,,,16w,Compliant,1,CF18JT220KCT-ND,708-CF18JT220K,,CF18JT220K,,Cut Tape,Tape & Reel,,Bulk,,0.1,0.1,,,,33054,9720,,0,,1,1,,5000,,https://octopart.com/opatz8j6/a1?t=cFGTNm_wmMUKk8MYoWXOQENnCvhcWNtBNKgzQnndQVCjIsBcj8GU8Ieptun5H9nT_vQnXeY_xb8DfSXSIEPmHAbsB9hDPImI7dbtOtLSEQUrb3UyuMNK1_vRUNU65fYy_Gq1i5BuRe53E21gcBSsVnqOHAcfOWhkm7lqePbXNVZav1DjYXUnZlwFOezNQddKNkDYuavWnnqkW-g4TvY4dM6Kx1RbSkIDBeKpYHagrl1uKlEoAXzGmtM7u9jJ8E41L0OC,https://octopart.com/opatz8j6/a1?t=4Z06f5rANeAG4kgFn9sIpcSmY0lt1sG5xx-jcdb29xPP8JsuaOxWY_vTJSpKcoS6gHR2KNkUrCn8Ds0aYWsvNjPY04ccbd68Wym98suVExg-eajV97EQI1ah1vlpB1yzE01IJwekoSFi2WxTVIich8kOCJMuPY9I2bl17URPYpB_5e-O90nCgpMfzA4dtHCAxdjZmbB5rau6ddzB60BNgVhB8fJOxKIb8sVOdmIoPJcKElX4sLQlCZa6B7UcKj6SosyjY7F0,,https://octopart.com/opatz8j6/a1?t=7cT7fsyBxwACc0DMK1wyecvCJNvv1ZCyQU6_ypopD2vJOn5E3DL5R_QxOcrL63ijCrd_eFcbW4za23JsmoNVTLmJgQgmKgLc4xPGL2xA-yCBeiempmY_byMVPmnuM6lNpN7wKEcQoq-n11lH4vvOGIsbMjwlRwGKcmFC8Mj7aPBjeGDWxpFNA4DuayAMb7JWh6Djdx9zGDpx3KS9Prmq0a09qBSSRFM0WGcdlN-JxEEdDpUWW25wUNYYhoA61pb06kefVvI,,DigiKey,CF18JT220KCT-ND,Cut Tape,0.1,0.1,0.1,33054,1,https://octopart.com/opatz8j6/a1?t=cFGTNm_wmMUKk8MYoWXOQENnCvhcWNtBNKgzQnndQVCjIsBcj8GU8Ieptun5H9nT_vQnXeY_xb8DfSXSIEPmHAbsB9hDPImI7dbtOtLSEQUrb3UyuMNK1_vRUNU65fYy_Gq1i5BuRe53E21gcBSsVnqOHAcfOWhkm7lqePbXNVZav1DjYXUnZlwFOezNQddKNkDYuavWnnqkW-g4TvY4dM6Kx1RbSkIDBeKpYHagrl1uKlEoAXzGmtM7u9jJ8E41L0OC,
CF18JT12K0,1,Stackpole Electronics,CF18JT12K0,https://octopart.com/cf18jt12k0-stackpole+electronics-19205652,CF FIXED RESISTOR Axial Through Hole Resistor ±5% 0/ -500ppm/C 12kOhm 0.125W 1/8W,,R8,,,16w,Compliant,1,CF18JT12K0CT-ND,708-CF18JT12K0,,CF18JT12K0,,Cut Tape,Tape & Reel,,Bulk,,0.1,0.1,,,,16869,9760,,0,,1,1,,5000,,https://octopart.com/opatz8j6/a1?t=a97KvP7CztlBW5mdP4Kc30eKD0N4MYt9U4e9_c8Gc4fJrZ5Jjoyr1HNr0N02Zb8JB7xLQ6o3JY3md1A2fgHS24_v82AX5US2Mp45z7b6uLIqAsEQy5YbB63NXx4AVj0BkobwBdoBTyQUTTAd1Wvu33k5yNgBdZM0c65POP9vpgMZGQxFOvlcife-g4t3rjR2jS4XvtnEX506-MLL0qYQdyzJhbopSUtdqjKZ40KFUgPuGmR8frSQGJZ4-brLhFlWMTNW,https://octopart.com/opatz8j6/a1?t=mC-IcN3tYya3E04QHsjZ8n6krTUiQDCnTzXEy1CYF3Ldg_TMMvFNRuLrdVjK-31zckOwDWqQFO5fpJcDLoJ3xjcU7q1GHtaHiWDbANBrGfkhM1H5x0ozI0aS1gLN7W5bSnjmJaBQkhfkJSqJeyKwq-xPcTbcgo1PiCfcC7GI6TuMJMOw8XyF1Q6LlKuvaEmZXUIsg2E36X2PIMBij5Lm30BGY_jaKmj3aKT25H7aVYxiuam9HO9F62MaDuFd-hLMlfea_jAo,,https://octopart.com/opatz8j6/a1?t=Q1LI_H-qPuJgzqvYHKjIIXzfj6XS63MfPaEaAgD6ksAV4zfTpMN0Txc0yDoINrAK3ZxLdSPysbP7ljFFZXDnaj-zEhG7wq5il9ynfQm_1bWWC3twYqmswErtTFbsSxi1sVKwoGYUjtZ7f-OdtC3FQABvbSnP3Tskin4hFmlwMhkSBj16s08DZjvGdAkkopaI04PGuTBn1ZqeeptbBpaf_ryxyZTCoSfIHmZaotMF3WPCOd2eFYoyyjQr0fEJ0RIffyXQuuo,,DigiKey,CF18JT12K0CT-ND,Cut Tape,0.1,0.1,0.1,16869,1,https://octopart.com/opatz8j6/a1?t=a97KvP7CztlBW5mdP4Kc30eKD0N4MYt9U4e9_c8Gc4fJrZ5Jjoyr1HNr0N02Zb8JB7xLQ6o3JY3md1A2fgHS24_v82AX5US2Mp45z7b6uLIqAsEQy5YbB63NXx4AVj0BkobwBdoBTyQUTTAd1Wvu33k5yNgBdZM0c65POP9vpgMZGQxFOvlcife-g4t3rjR2jS4XvtnEX506-MLL0qYQdyzJhbopSUtdqjKZ40KFUgPuGmR8frSQGJZ4-brLhFlWMTNW,
CF18JT20K0,2,Stackpole Electronics,CF18JT20K0,https://octopart.com/cf18jt20k0-stackpole+electronics-19205697,CF FIXED RESISTOR Axial Through Hole Resistor ±5% 0/ -500ppm/C 20kOhm 0.125W 1/8W,,"R7, R9",,,16w,Compliant,2,CF18JT20K0CT-ND,708-CF18JT20K0,,CF18JT20K0,,Cut Tape,Tape & Reel,,Bulk,,0.1,0.1,,,,68604,22574,,0,,1,1,,5000,,https://octopart.com/opatz8j6/a1?t=dBXl3hRD_i5wJCQsw-Uiw7mxsu9-VgFpf2I2d6lj53-D4CRohFEBDag2E2oU6WRni0Q5paZsZNsvFFKj8qr5fDyfOJYI-jktJUONyUPUkub9-bmABMgCP8tdc8umRnVFYuMJ8OhtScJ3d0jWsbKVpy-l_7WN7zEUaxIVzy3miLIm4wjpB79ipQeF3UIbWI12-3xNPBLi7Nz72yCMKHzONwj37Q2H6GSXdnX-5D-5WJn1NlkZSpky0hI4BYI-Aqg0KS89,https://octopart.com/opatz8j6/a1?t=w4F91HMQMut7c6tQvctXk6M6NDOqXlcR21ps22zIwcHwvrQAihUgo01Ex24TM4PeI-s8oI9t2AwKsxoMbzSC63jKhgcX8fhMjvSPIoeBBv8oLDz1RTeV5IDvN206jf8Yw18d0UvHv0tx9e7421b6gzHa7CvkSZU1CXlsmJh1rBe0uiTGGcmx3trZ3kQFgGCZPWha6ceoZZCtvgukC_oRoMhG6lnCrEeCwV1t1F2T0FACMz7jQrY1LNHart88nQQJ3xyK8FQ,,https://octopart.com/opatz8j6/a1?t=Xw33of1mAqqG25L5o2iP6c6CMSQ-iVOI8S6QoErdLCb8xIfsEf80-Pdi-voy_r81NdAvON_ytN10WNkKrOWLXM-qWX6RnF8CiskGADvmli-tNd_Hxjo9EZucwFpUnLCoRogm5MWyv_qcoOplSucHiGI0NvwEdsKYDobREy0oxVKFrhHK-CNUbm1WP8RVs_dgHZu2ZSc3Jy-lRRWrCMWgjmrtC-sfMzReIsfCGi1CzzzYLLKYyyt8h7kyPfy8fzmdL5R6g3w,,DigiKey,CF18JT20K0CT-ND,Cut Tape,0.1,0.2,0.2,68604,1,https://octopart.com/opatz8j6/a1?t=dBXl3hRD_i5wJCQsw-Uiw7mxsu9-VgFpf2I2d6lj53-D4CRohFEBDag2E2oU6WRni0Q5paZsZNsvFFKj8qr5fDyfOJYI-jktJUONyUPUkub9-bmABMgCP8tdc8umRnVFYuMJ8OhtScJ3d0jWsbKVpy-l_7WN7zEUaxIVzy3miLIm4wjpB79ipQeF3UIbWI12-3xNPBLi7Nz72yCMKHzONwj37Q2H6GSXdnX-5D-5WJn1NlkZSpky0hI4BYI-Aqg0KS89,
CF18JT47K0,2,Stackpole Electronics,CF18JT47K0,https://octopart.com/cf18jt47k0-stackpole+electronics-19205759,Res Carbon Film 47K Ohm 5% 0.125W(1/8W) -500ppm/ to 0ppm/ Conformal Coated AXL T/R,,"R6, R15",,,16w,Compliant,2,CF18JT47K0CT-ND,708-CF18JT47K0,,CF18JT47K0,,Cut Tape,Tape & Reel,,Bulk,,0.1,0.1,,,,206742,11099,,35000,,1,1,,5000,,https://octopart.com/opatz8j6/a1?t=LtTMfA7jyd3aL0pjyaohVPhXoYFAqDxpBtYFjWXQ1b_owExw1Ds6jnUKyn_HeLjpRQPBxbdfgaDg9kAn1QblxYSGD_0eu3wtGZSxlV2EDikLKZblQW9BPfLr1MaDn7a3LvJzTfI-ln-U8n66LuPO2bz1MNTlBS195Uramc7ScZtNstRfPwGH2JUvzAtEwnlS7qqEuXH9E5DWe9CFaZlSj6JcPjQfElk7-XkaM98ZYAwSJGaItecocrKUQHiW0bz8Mhn8,https://octopart.com/opatz8j6/a1?t=wdDKugt3MSZIc-jCoeIgVfJIi9lKHy9KsAKHySnKTyH9s0lLtfHcOV1Krt1rnwY6YN6ipOAKArPN5yFiOkYzjiSfGkZnuWMG-Ho7Nt9qv9Y3P0wy_mIcPz1soLqAnrQ1fIXoLUrHtv_oVgDLBPUTSq9XYlfabHb0eEUL8kHzPTNbShMNGROmi2e9GXe11A9t6VaLzVWJhB4JkM8Glsoe824LmxugBP3OCgDVW7LRWBxbglU43tCamSymf_0dh83-BHb4ag4,,https://octopart.com/opatz8j6/a1?t=G1SvhAcQiFilQuLCPYj1__YIUVh0MMbcYx10KUDawPjbo-UyWG8VjqhrEuQR4aU41F1MMtuCcPu0kTAJGYnkhBpLKrqb3Hz7ZGzPk-yF17NTFW1Ev3NgtN2vRuBuNMOQ3kQVV1YVQp87fVvImWiqsTTHC9mt2R8cmDnPyxqmWsEwpjRFPoeizXd_AtadVpkkxc6hl0dAcYzefhNOHD4hgY_-NItnnFBOOLWk83eoIsuJJlrOy8CPFnIZm9w6G1jXYtnPebY,,DigiKey,CF18JT47K0CT-ND,Cut Tape,0.1,0.2,0.2,206742,1,https://octopart.com/opatz8j6/a1?t=LtTMfA7jyd3aL0pjyaohVPhXoYFAqDxpBtYFjWXQ1b_owExw1Ds6jnUKyn_HeLjpRQPBxbdfgaDg9kAn1QblxYSGD_0eu3wtGZSxlV2EDikLKZblQW9BPfLr1MaDn7a3LvJzTfI-ln-U8n66LuPO2bz1MNTlBS195Uramc7ScZtNstRfPwGH2JUvzAtEwnlS7qqEuXH9E5DWe9CFaZlSj6JcPjQfElk7-XkaM98ZYAwSJGaItecocrKUQHiW0bz8Mhn8,
CF18JT220R,1,Stackpole Electronics,CF18JT220R,https://octopart.com/cf18jt220r-stackpole+electronics-19205701,CF FIXED RESISTOR Axial Through Hole Resistor ±5% 0/ -400ppm/C 220Ohm 0.125W 1/8W,,R5,,,16w,Compliant,1,CF18JT220RCT-ND,708-CF18JT220R,,CF18JT220R,,Cut Tape,Tape & Reel,,Bulk,,0.1,0.1,,,,44983,7832,,0,,1,1,,5000,,https://octopart.com/opatz8j6/a1?t=ydTsfGWxl2B9p_ndFU2BnWUtt776fQlnZ5Yay0GzyhIXUNDvFatBUAGLnSDfOMJ5ZAQCPIDgT6PlDKaQnl67ETA9lX-Q1Uz2yF3plRXFS9BkJs8CtoktMNnCEd_SrLqfSKUsfaoSXYMxl9JAHpATLSOvduL8VlhR2trs1XE2U500g7qg_z7AU8HoSoK5q3LnKS1gThlv6GBbWpokry31Wnpqe16K_xViKp_pLjKjnxVWQA3BL7CW-d7gCZ4AAFFCgvMx,https://octopart.com/opatz8j6/a1?t=_qsHLkIICr17GUN4krj-qb5aBgWQyieydJHRCqKmm9wxdC5f6szEkMve4CYTvr47GAuCoJbGnLrtNoAo6c9sJsZQPAaQluMU6OhK9w9YeIxAppKpt8uMNYqe58JVi19Naqk5p2B34OFc1HfxVJGMVRO7PvRU_vHVsZy5Pf1AaSJ5Dx5MuyTu7IGnmbVsVFnVZPXNucwyWsd-C5k6XOaCCBoRgzqtZjGz5YarxhuDsHc5FXS_3Iw2ZLqzzXnz4eBe1dG63Y9Q,,https://octopart.com/opatz8j6/a1?t=r_8oLX5eFjK9np7yrlHSZjZHahoxrYZulmJAA8zhonbxHgr1dbs7NxFaqawlXojN0XtppZY2qOJv3qimwp5LHmEjFCL87xxyPqc7EUPUKQLgJ7Opqyv-qi0ZmBQTO8P-xtWJKj2RrzdzADGlHAa8-_f1mnhDLugueYxsRTso0UgqkwQXh9WkB80NaG9QkKbOucCCXGwcyFXbcMufeASijKQhtWR1hXuKCdGTPjIzt1vJ0mFomdHUlzKQeSJNGV_R3VhqIOE,,DigiKey,CF18JT220RCT-ND,Cut Tape,0.1,0.1,0.1,44983,1,https://octopart.com/opatz8j6/a1?t=ydTsfGWxl2B9p_ndFU2BnWUtt776fQlnZ5Yay0GzyhIXUNDvFatBUAGLnSDfOMJ5ZAQCPIDgT6PlDKaQnl67ETA9lX-Q1Uz2yF3plRXFS9BkJs8CtoktMNnCEd_SrLqfSKUsfaoSXYMxl9JAHpATLSOvduL8VlhR2trs1XE2U500g7qg_z7AU8HoSoK5q3LnKS1gThlv6GBbWpokry31Wnpqe16K_xViKp_pLjKjnxVWQA3BL7CW-d7gCZ4AAFFCgvMx,
CF18JT100R,2,Stackpole Electronics,CF18JT100R,https://octopart.com/cf18jt100r-stackpole+electronics-19205641,Res Carbon Film 100 Ohm 5% 0.125W(1/8W) -400ppm/ to 0ppm/ Conformal Coated AXL T/R,,"R3, R4",,,16w,Compliant,2,CF18JT100RCT-ND,708-CF18JT100R,,CF18JT100R,,Cut Tape,Tape & Reel,,Bulk,,0.1,0.1,,,,77149,14954,,0,,1,1,,5000,,https://octopart.com/opatz8j6/a1?t=jAxxnOF-mfTo0_ffcm0yLMT0pIyR950GZSMb0_CZjQ9G7EqzVAkH8rK6EIww4sD5qpYQudMS-Oks7YdA8YfLF5ZlDTZFpmQdTELjCbxX5uPORdadxYFu__A5VioV6Q-yRUVjY3A3fSRobX0uHRHFqR3uL5lchER_5JIxnsgEUPb6DsqrW9LAVN-3pU-iIdVjw4EuIOJ-iwLcNmuv4PoC5Ogs-qU3-o06jQh8wUaRvGCraSTvUmq7060zKdPgh84-rg5x,https://octopart.com/opatz8j6/a1?t=TIu7blV-qNM0pRsleOP1RUe5lmBiFW_dKyWjBHpBFvg3hZVsW3y0saV3ltkLWu26GBZajhBVCp9kIFjMW96UJGEkV7saGiEjXdAtq1Dz5GqfV5Fnqh2qFBPV3pXphPc1eVy6X7Y8ZOKbB3bkyTOPETmWV3CFKsbMoUUuQJ9wpfY7MlC8b6mLXPbEZ1vXG-wJ0xwGSXauBRHbrZxYwjC9H16Be_YZCk4MLBG4ZLDWs1pyz4Yp-acboFoe9pNl-cumkmtuOmQ,,https://octopart.com/opatz8j6/a1?t=hvQjRjEYN9HnrvWPwojiNrwquQ7tQ-sJT0Bv56sHvswZGJWhmk5BQF1vlM0YBNq84-GbeS1Wls1zjetO6P03KO4xVjE7-nnH8pCQKOsi2Rgl_yHrfB3zvAlA0vA7pIC8m12oZyj-E8WZWsZ0yzpjicFNSKzUEO5-sdlBPlWr8Y9OVd2gAyVpbmEhqU2bWpkilrwEzMkbH1xjxEdXmxki-d0bBtKRI5p08g46bWnSxCm6KzkhAXAf21f9C5Oa8BwsHwu_Fj0,,DigiKey,CF18JT100RCT-ND,Cut Tape,0.1,0.2,0.2,77149,1,https://octopart.com/opatz8j6/a1?t=jAxxnOF-mfTo0_ffcm0yLMT0pIyR950GZSMb0_CZjQ9G7EqzVAkH8rK6EIww4sD5qpYQudMS-Oks7YdA8YfLF5ZlDTZFpmQdTELjCbxX5uPORdadxYFu__A5VioV6Q-yRUVjY3A3fSRobX0uHRHFqR3uL5lchER_5JIxnsgEUPb6DsqrW9LAVN-3pU-iIdVjw4EuIOJ-iwLcNmuv4PoC5Ogs-qU3-o06jQh8wUaRvGCraSTvUmq7060zKdPgh84-rg5x,
CF18JT510R,2,Stackpole Electronics,CF18JT510R,https://octopart.com/cf18jt510r-stackpole+electronics-19205768,CF FIXED RESISTOR Axial Through Hole Resistor ±5% 0/ -400ppm/C 510Ohm 0.125W 1/8W,,"R2, R12",,,16w,Compliant,2,CF18JT510RCT-ND,708-CF18JT510R,,CF18JT510R,,Cut Tape,Tape & Reel,,Bulk,,0.1,0.1,,,,37418,9666,,0,,1,1,,5000,,https://octopart.com/opatz8j6/a1?t=drTQkm8TLgwwkhT0PuCIS14vNDPmvCGNaQQUC2nGkSxZehjG0PrEkq7DJCAY1KZUl8mmP1qSui2jF2DdS85_T1vDR-sa7DXZmEC3ibDZ8fKhG-o38HEdZnbWLcMN6vee8B3IG83AX76Bp_kK5c7sdrzo9xM9L1Wko5sf_yljnps9ZgTTU4aRnw8CpbW4fbWYaySVybteYXj0pzxz1fZpX_LOTRvgfj3lyz9egY3NYwZUuqfntY1139vdckvxcq6w6zzF,https://octopart.com/opatz8j6/a1?t=vL80q_ynrRbwaONr1k9o0_6SMNYMOyHYUcqqwiuxuk9qpstLH8m15BAOMYIyXplJdke01mjLHpOcdYJt3SyyHS_nCFfDtakvHdn-uoor1RumWNWNQKKsvRxtawL5bNRv48MKXP-xHqorhoST423WY4yTQxxlLw9oDIDzNRI7qTPdYhw0zHwrFlH83SGybz3RwWruhDQYDztSLu1kxlMRaIf3zdzz8u2nB8HozAbJAOJgQXQstXlHHMLSlTeNds7UKCBhgWXq,,https://octopart.com/opatz8j6/a1?t=JNN69wwgAy7CUuo85Z_Rs300U-Uk1QovdE-eOauZhL4ns3rp6f-7IVBmkUB9qe7mhSr94R05-5Kg05sv6e3-smdX6FehnTyzNUvHZhvs9NQbVRafYF3hmGV4OvTTPSGi3KnTNvuyQzOhUdJLPfTkx4oh2QM_rwkF5gqDWQQF7DHZ5ys5hYlb__KP-CG7ZZTm4GVmZQUAI6axjyijyPCYsK7hlssnuqZCT0Pu-qV87OjMl5L94tI6TJoYx0fwZxc1F2Hi110,,DigiKey,CF18JT510RCT-ND,Cut Tape,0.1,0.2,0.2,37418,1,https://octopart.com/opatz8j6/a1?t=drTQkm8TLgwwkhT0PuCIS14vNDPmvCGNaQQUC2nGkSxZehjG0PrEkq7DJCAY1KZUl8mmP1qSui2jF2DdS85_T1vDR-sa7DXZmEC3ibDZ8fKhG-o38HEdZnbWLcMN6vee8B3IG83AX76Bp_kK5c7sdrzo9xM9L1Wko5sf_yljnps9ZgTTU4aRnw8CpbW4fbWYaySVybteYXj0pzxz1fZpX_LOTRvgfj3lyz9egY3NYwZUuqfntY1139vdckvxcq6w6zzF,
RNF14FTD1M00,1,Stackpole Electronics,RNF14FTD1M00,https://octopart.com/rnf14ftd1m00-stackpole+electronics-19224733,RNF FIXED RESISTOR Axial Through Hole Resistor ±1% ±100ppm/C 1MOhm 0.25W 1/4W,,R1,,,16w,Compliant,1,RNF14FTD1M00CT-ND,708-RNF14FTD1M00,,RNF14FTD1M00,,Cut Tape,Tape & Reel,,Bulk,,0.1,0.1,,,,49571,45942,,10000,,1,1,,5000,,https://octopart.com/opatz8j6/a1?t=5PSQdRy4wZRDE8uaCzjWJLSzKc0NtfFrTCTo8KgUnebs2sEUt6RiUQj-vj0dbGTSlMurBP_R0K9dUAGqlPkWunfJrqWw9fNd7_u-JuatwWTmPyHwh7FYWhjWaBkwmaPXyi1oWc5ic8_0M7ab9tSjKwEWaLT2v4BIZG53gQRLNgKT0n9st77bHg5ILTQAdc51--NRh9LhQD_uWs8fJrIHYHvMdTNOej5B27PW3mhVHxszZlivlcPodgwBbmyKOvnilgS_,https://octopart.com/opatz8j6/a1?t=rFrfVCdUp1--K_juGw4DwZOls_ZX2wBKDOoj1n9nL7eJFJPp10tEfDPuu0yBQ1Lw1lFO07VdD-OTL_Jd8QLFB4MmBvWEyktQGl8SwBW51LOkR6CQk3fDxtyggU1xDQ9TDGeXPK6Irp5HUr0XL8c2B8wJDfJTjevXjzjWDNwm9a7lc7FRIqymUDylvIhkHwuAvCGPmWzg8lgQgEJXSgPVIHoLWaiemGwVyFzQ47l07ldhmbHgSQAhLPWcDtNbica8EhCfrQw,,https://octopart.com/opatz8j6/a1?t=kH4IXHXFYtnt7p-SOWRlHFvRG6wV3uQ1Dz3tFFUumBbdpLamyKvhK17ZmbZq2IjVhSQ3Nd4jiO782jcfQ24ZHon1tWDMLMx-Zysty34WowUUEjbs1VKATbz4H7WQmI4tVpToAmt__YOhqd_gkDOP9DWuwykQ0520-SaxRTlyrkRRymLCa9ABH4b-X2N6tDXdcw1Frdd15-Dsl-6crDthta5icDYBd0S7vMaEnn_nmKSvF5Y_k1jxkkGaOrDBNG9oHlkxAyI,,DigiKey,RNF14FTD1M00CT-ND,Cut Tape,0.1,0.1,0.1,49571,1,https://octopart.com/opatz8j6/a1?t=5PSQdRy4wZRDE8uaCzjWJLSzKc0NtfFrTCTo8KgUnebs2sEUt6RiUQj-vj0dbGTSlMurBP_R0K9dUAGqlPkWunfJrqWw9fNd7_u-JuatwWTmPyHwh7FYWhjWaBkwmaPXyi1oWc5ic8_0M7ab9tSjKwEWaLT2v4BIZG53gQRLNgKT0n9st77bHg5ILTQAdc51--NRh9LhQD_uWs8fJrIHYHvMdTNOej5B27PW3mhVHxszZlivlcPodgwBbmyKOvnilgS_,
2SC2021,2,ROHM,2SC2021,https://octopart.com/2sc2021-rohm-2177186,,,"Q2, Q3",,,,Non-Compliant,2,,,,,,,,,,,,,,,,,,,,,,,,,,,,,,,,,,,,,,,,
S7B-PH-K-S(LF)(SN),2,JST,S7B-PH-K-S (LF)(SN),https://octopart.com/s7b-ph-k-s+%28lf%29%28sn%29-jst-5373080,Header for PCB; pitch 2.00mm; 7-contacts; THT; male; side entry; 100V/2A,,"P4, P5",,,,Compliant,2,,,38K8083,,,,,,,,,,,,,,,598,,,,,10,,,,,https://octopart.com/opatz8j6/a1?t=UzevMoI50hEKA7xcdb7YGiabVNR06zWoQcDrXxJF314It9AKrsgMWN2jvK8roB8W1WRLiiBca2rtVVq9ENB6IVhS6WYsggDj_5NFhXoWxN0mmLAt7salqJg4ln5dfGao6vvk4HgLAOw4YBjwn_yzuj035gbNS_lxqfT1Tvzmwe0ttpgVzrW0s85XiLhGQPCqYC5yF6XXpcAgXqSbZMKNY2Us7GTX_MjwG9fgHfOx87sv7lac4sz9sTzadvm7sGUNXRg,,,Newark,38K8083,,,,,598,10,https://octopart.com/opatz8j6/a1?t=UzevMoI50hEKA7xcdb7YGiabVNR06zWoQcDrXxJF314It9AKrsgMWN2jvK8roB8W1WRLiiBca2rtVVq9ENB6IVhS6WYsggDj_5NFhXoWxN0mmLAt7salqJg4ln5dfGao6vvk4HgLAOw4YBjwn_yzuj035gbNS_lxqfT1Tvzmwe0ttpgVzrW0s85XiLhGQPCqYC5yF6XXpcAgXqSbZMKNY2Us7GTX_MjwG9fgHfOx87sv7lac4sz9sTzadvm7sGUNXRg,
2SA937,1,ROHM,2SA937,https://octopart.com/2sa937-rohm-2179925,,,Q1,,,,Non-Compliant,1,,,,,,,,,,,,,,,,,,,,,,,,,,,,,,,,,,,,,,,,
PPPC241LFBN-RC,2,Sullins,PPPC241LFBN-RC,https://octopart.com/pppc241lfbn-rc-sullins-271073,24 Position Header Connector 0.100 (2.54mm) Through Hole Gold,,P2,,,11w,Compliant,2,S7057-ND,,,,,Tray,,,,,1.79,,,,,2389,,,,,1,,,,,https://octopart.com/opatz8j6/a1?t=SBLKkl5RvdkugZPp8-CUbqqUOZAsMSd03JwP-RvgDLF4vLjOe9NkUXyurBtqwqdqpzL9CMGZp1gFT4b3w7QvSrcWd4jjodcEk7Quo2jYSZyt7bGOyBZJvGybw2rIw9KIiJ4AjTdtuBVMY1R5bt36SQeYVdWc5bjZN08oaOcNVs0iSsdU1miaOa7Z24E85NRVnv6PrIBP-5-cJ6EnWP_5WnLEMwPoz80soNQYQTRK_9YzxQf5QRln4UYZzatyXKny,,,,,DigiKey,S7057-ND,Tray,1.79,3.58,3.58,2389,1,https://octopart.com/opatz8j6/a1?t=SBLKkl5RvdkugZPp8-CUbqqUOZAsMSd03JwP-RvgDLF4vLjOe9NkUXyurBtqwqdqpzL9CMGZp1gFT4b3w7QvSrcWd4jjodcEk7Quo2jYSZyt7bGOyBZJvGybw2rIw9KIiJ4AjTdtuBVMY1R5bt36SQeYVdWc5bjZN08oaOcNVs0iSsdU1miaOa7Z24E85NRVnv6PrIBP-5-cJ6EnWP_5WnLEMwPoz80soNQYQTRK_9YzxQf5QRln4UYZzatyXKny,
28L0138-10R-10,1,Laird,28L0138-10R-10,https://octopart.com/28l0138-10r-10-laird-19252911,"Emi Ferrite Bead With Axial Wire, 5A, 75 Ohms @100MHZ, Dcr Max 0.01 Ohm",,FC2,,Production (Last Updated: 3 years ago),14w,Compliant,1,240-2438-1-ND,875-28L0138-10R-10,67W0706,,,Cut Tape,Tape & Reel,Cut Tape,,,0.24,0.23,,,,42830,29000,18734,,,1,1,10,,,https://octopart.com/opatz8j6/a1?t=nk3zp1E9S330nmUdXXgQ_Zc2kGdKBWUxWTYPrblBfi0AtIRDZjC1EdmTA-yNLlY1KsaVquoi-ziS3j8YoO5RjLV0pusqtSGshOHgF0N1rDuL5th74T1pnOZiL4fKXqkBysjdrYNGM-rEZAUO5bFVfhPQI9iRptlKXsvQyjiBlbd1g0AOfHaVneHdZNk0qqnhmmk0zfEHpMd1cYnWwB3_Zh_C_VqY3NGK-k0A3x_JGfH0HJ5DDZ52PfjW6JOTaA_9qtTA,https://octopart.com/opatz8j6/a1?t=5_IPoVe3zoYaEPgdvmjyHDEeaqJx3Ky_EHjDYlVW53gWLwDryu8fQAY8HWfWWHQtcjMwEnZ20iqO9V07gs2YtCZ7WIb8w_prExu_jjvUgpaOsXuwgGoX2LOod7nhwoiv-8gBRwPuELLIFfv4fAPJH-q4dYccAx2dnh5-C61lxkzXDsYTliXF2h4XTOTO7fRUG9P4LWOMqT3MV32Hw6NVi-U942t8aubdQ0GKE7Sotf85_br9nKS2fVeI9pyHzdie9SeE-0Y,https://octopart.com/opatz8j6/a1?t=sPSHDfeFvVWsl1GyMQtySmo3v5rSH6lGpyfRdl7C5YB7wq6fSKstk5oUusCfq20bcdVaPI49ml0zH7hE4uVeVQNRxjRsOAcDXp_t7aXdF4yLjUgMZfAHcgBN16kdzpJXluCkwzboAzVADIshH-feZmimiL1jzZvKbgGIjcxKqXPoB9rsbvuJcSR_K9yYSzLZ3Ko56cnZBbfFaDte0yQGA21vJ1ZaRzyzPcKpmqlEaZF3foHyIj3FFeLC-XBHDo4I-UnKmyw,,,Mouser,875-28L0138-10R-10,Tape & Reel,0.23,0.23,0.23,29000,1,https://octopart.com/opatz8j6/a1?t=5_IPoVe3zoYaEPgdvmjyHDEeaqJx3Ky_EHjDYlVW53gWLwDryu8fQAY8HWfWWHQtcjMwEnZ20iqO9V07gs2YtCZ7WIb8w_prExu_jjvUgpaOsXuwgGoX2LOod7nhwoiv-8gBRwPuELLIFfv4fAPJH-q4dYccAx2dnh5-C61lxkzXDsYTliXF2h4XTOTO7fRUG9P4LWOMqT3MV32Hw6NVi-U942t8aubdQ0GKE7Sotf85_br9nKS2fVeI9pyHzdie9SeE-0Y,
B78108S1393K,1,EPCOS,B78108S1393K,https://octopart.com/b78108s1393k-epcos-39569030,Fixed Inductor RF Choke 39uH 10% Wirewound 470mA 1020 mOhm Unshielded Axial,,FC1,,Production (Last Updated: 2 years ago),9w,Compliant,1,495-5565-1-ND,871-B78108S1393K,,,,Cut Tape,Tape & Reel,,,,0.32,0.32,,,,9697,6104,,,,1,1,,,,https://octopart.com/opatz8j6/a1?t=iwADtyI6khFHGBBlT3hgDaeT7VvPPp0UBlLRtI0VBvcISLp9lMish1ezgnD-6TeXOO7Pj5K1NAz75gC5zMIyHFVmCbCq0YjHkHbTsMB2SqAUxStoy_4mwj4D04PxFdfZXDUTeI4g4vw2nTWJJJ6545pbjku0JdEKR0yp1WQ1phlKOj3kn2oSmG4HOLdC8q_lHA5Qczr8mAN9VC5JkTnoG7l2ygO6LBYv22f-Z8n4Iq-PnAlT35pYQr5WBs-V5mwL8rFwow,https://octopart.com/opatz8j6/a1?t=QBMlRpZE8donWmZ6fKQvTtIZVfsuYd6qvHH-7cB6J8CsGXrckvyOasN--I_3pIdCxxMSW2aNuaq-rMgTM1Ov6Atf6Qc3-2QlnzpXlphbsaqvOTv6eMgSL3Zj4n0RCFnQhCfoh5Lold0KI2HwrfuW82NXlnES3P7Av5uESpTQXP4ghUeVbRvQEDDqGEF2daM7-oZcNkOci2gxR97SA1-4DDmwWllwvw7H6w2jNmCGtqVRSI133Cj4AWJFIp7ZlGDS7hXxfA,,,,DigiKey,495-5565-1-ND,Cut Tape,0.32,0.32,0.32,9697,1,https://octopart.com/opatz8j6/a1?t=iwADtyI6khFHGBBlT3hgDaeT7VvPPp0UBlLRtI0VBvcISLp9lMish1ezgnD-6TeXOO7Pj5K1NAz75gC5zMIyHFVmCbCq0YjHkHbTsMB2SqAUxStoy_4mwj4D04PxFdfZXDUTeI4g4vw2nTWJJJ6545pbjku0JdEKR0yp1WQ1phlKOj3kn2oSmG4HOLdC8q_lHA5Qczr8mAN9VC5JkTnoG7l2ygO6LBYv22f-Z8n4Iq-PnAlT35pYQr5WBs-V5mwL8rFwow,
DAN601,2,ROHM,DAN601,https://octopart.com/dan601-rohm-14372173,,small signal diode array,"DA1, DA3",,,,Non-Compliant,2,,,,,,,,,,,,,,,,,,,,,,,,,,,,,,,,,,,,,,,,
1N5231BTR,2,onsemi,1N5231BTR,https://octopart.com/1n5231btr-onsemi-12156453,1N5231 Series 500 mW 5.1 V 200 mA Through Hole Zener Diode - DO-35,,"D1, D2",,Production (Last Updated: 3 years ago),22w,Compliant,2,1N5231BFSCT-ND,512-1N5231BTR,05R0368,1N5231BTR,,Cut Tape,Tape & Reel,Cut Tape,Bulk,,0.15,0.15,0.158,,,38665,68023,20622,125000,,1,1,1,5000,,https://octopart.com/opatz8j6/a1?t=F_oYcW0tie-z4hWwP4MX5E_fDNA84Q7pg72_LF_lm3qs__g2Zl-EaB_dWsOj7BckuY8LHe8iE7lUiw5OU0tomgc0_8eMbYN7y2TNqpGSH0_DIKB8kwCSKtMsWYAyv4aWBKjWNtno2ySeOQVDVNfewDm0OVkRot3izrD8v4DxrZ1A9UDCAeIWc-VXZapqr3bY1_EEZ-yMBMMT9lWHFoH-4lyRqr8ICw4cWOuydkbCgIClpbyQAp4uWUFiQtogQH99NvwDqg,https://octopart.com/opatz8j6/a1?t=PM02zQtTb9MklPYCpdf3UQRh1Dt-nH4UzDC8j5BaEfHOssTm8Ny-TS0eoax3-hdq-M2Foc62GCCO4GVRcc5m-xh5CJq6YSKbpOHQeN-a03jHjfufM00FYP5dLSdwhj5lz61Ndk23FZ_1AqaYHUkiOdd2EvAoBSW2DM1S0_yaC3O1JP3S5CX2nyznJ9EQfdk3nVfBECvEoOxFRl3h9MT1Awbu51YZ3YakoxYg6ljn689oikLgmevfvHqYFAnAywgX4aN9IwU,https://octopart.com/opatz8j6/a1?t=gu12A8r6735_UqXgYzCHkL3nAu8HZ35B-wCvuDYAIQe6uQ-Hs-2Csgsqe1gzYFx6CpFMICzu9fLGWDrghcn_KGUFKCIB2Eollg70y682ozgXZhdLXeqbSBGuiTK3TcJRIUyJVS0qQq5etydAq2KZYxDoFyfh4h_1LwWc_cl8YpSRhjurzlLQY5Al6s3pZbI6NgPtclYKV1f3_F7I-qYjSB4WB0vkLIp0-qsEbfokmMN3e6MZuWRkwMmY9SiCvM923WCNhbs,https://octopart.com/opatz8j6/a1?t=3_jL5Qv2Y5OEAEBUHrV1QrX1KtZeK0KLjcBKUvCzm8itf2tpQulnjx08FXgZXUN7ffppXFryor2R_6VbcN_tuBMN9ZwZhPNP27hPTdv9fOj9TQV3gBTXX1-E5fbqARC1pqhVrVrfacOMdpSSLoqJsLwLTstj-vslpVro8F9PeDRUXhif9oXESgKJ_CZP4Q4LGH79Kq2f030yhTssG8LX-bOTeJ2FBczdkL0ZA65GUOuGMyJXWeQ1QmwU-T1xs0_JmDqmEaDu,,DigiKey,1N5231BFSCT-ND,Cut Tape,0.15,0.3,0.3,38665,1,https://octopart.com/opatz8j6/a1?t=F_oYcW0tie-z4hWwP4MX5E_fDNA84Q7pg72_LF_lm3qs__g2Zl-EaB_dWsOj7BckuY8LHe8iE7lUiw5OU0tomgc0_8eMbYN7y2TNqpGSH0_DIKB8kwCSKtMsWYAyv4aWBKjWNtno2ySeOQVDVNfewDm0OVkRot3izrD8v4DxrZ1A9UDCAeIWc-VXZapqr3bY1_EEZ-yMBMMT9lWHFoH-4lyRqr8ICw4cWOuydkbCgIClpbyQAp4uWUFiQtogQH99NvwDqg,
K560J15C0GF5TL2,2,Vishay,K560J15C0GF5TL2,https://octopart.com/k560j15c0gf5tl2-vishay-39474510,"Capacitor Ceramic 56PF 50V, C0G/NP0, 5%,",,"C43, C45",,,17w,Compliant,2,BC1010CT-ND,594-K560J15C0GF5TL2,73AJ7908,,,Cut Tape,Tape & Reel,,,,0.24,0.24,,,,29088,15476,18030,,,1,1,10,,,https://octopart.com/opatz8j6/a1?t=ii2HjuT5goLwmMZObzZDIed3aBC13tWXsenwZTTiQdCiJ6CmCgEhZP-DkR84OGbXFtNrxQgnjzV66qP_XEudadfTs5seVwG-FgsMaWHD2VNf7i7BP6KCVea_FPpFGHZWwd4aiOmrOXT-G9lFMWMp1uBUK2F9R4JwwsyVM_tHkZdXPeRh4EyCWRLmcsCMFpbZVUFe6ools7A_G9g5fZNPxh9CwiYwe0ULHsWbrLRjnb_fz71PDZhJ35Jkpviimt2kUYY,https://octopart.com/opatz8j6/a1?t=kM7SBqWNmEpW230WzXHvU1yboJf-YgG6ekohdcQm_Tlgyf7rwrPBW15rkFmCkqcPnupiqr2928PXZbvPzmz07uQ381lsfKh3p2CLRgIgbjQXeaBtD_4u5HbuJzc_0Amo5kdDbf0wfO00BWZzCE0oImrxpBKTjXMmcdbFDC3BwdxTMoAbM9ctJ6KhbpLcTi7NO1xCocCzCxf5ysYqk40U-PjtuL8qm00uV6nFzXBZFNLRTPLYd81tc607yBBvMrgNy-LiLMY,https://octopart.com/opatz8j6/a1?t=C5ch9WDj8N7AJllEEUmZ48AqEsZlOHQ_V3z-fOeZYm3d_DhQlo1jxmz_FIu1KSUS46RDCQWDmu9o4fNzSk8cJFNfcRZ09gpUrTCsP0FNIg9gPikMfTBuUnPIGWEMcdbvxdzHF6XaMxarCaBDy_nI_v1cmxVkWNDMvnWObNpNBx2YbFs-0IZ33kcFwCdf4W1U0AyoO6AghVTGseiOUr61ElEZZL7FFVF9QH1ZXavkISkhky-7vHVMzFkc110bCvPT6fdH8SA,,,Mouser,594-K560J15C0GF5TL2,Tape & Reel,0.24,0.48,0.48,15476,1,https://octopart.com/opatz8j6/a1?t=kM7SBqWNmEpW230WzXHvU1yboJf-YgG6ekohdcQm_Tlgyf7rwrPBW15rkFmCkqcPnupiqr2928PXZbvPzmz07uQ381lsfKh3p2CLRgIgbjQXeaBtD_4u5HbuJzc_0Amo5kdDbf0wfO00BWZzCE0oImrxpBKTjXMmcdbFDC3BwdxTMoAbM9ctJ6KhbpLcTi7NO1xCocCzCxf5ysYqk40U-PjtuL8qm00uV6nFzXBZFNLRTPLYd81tc607yBBvMrgNy-LiLMY,
K150J15C0GF5TL2,1,Vishay,K150J15C0GF5TL2,https://octopart.com/k150j15c0gf5tl2-vishay-39474466,K Series 15 pF 50 V ±5 % Tolerance C0G Radial Multilayer Ceramic Capacitor,,C42,,,17w,Compliant,1,BC1003CT-ND,594-K150J15C0GF5TL2,95C0990,,,Cut Tape,Tape & Reel,Cut Tape,,,0.25,0.24,0.048,,,37651,23522,5373,,,1,1,1,,,https://octopart.com/opatz8j6/a1?t=7yvfBMv6fXOPkTUY4x775BacquTjxkbk5KqueSs569hj_JQoYBZAEYrDo_b2JpdJIZ3AZpbm5YqeXkTQ_Bd7SvP_0lQk1ZnVRWWBXCMNX2NGmqCqpxlq87t_BwRBGGB9sgualLCTlgpwgRdgrK8IBMqhPle5C9w4x5A_PRoO4DSxyO4sGlmY-Tr0DvBkS58UF8S04x1LHWk6rDYkOZwY2tynLFGulY1wK3LgpziBBdpBMnY4w9fpvoHXuXV2c-5U9k4,https://octopart.com/opatz8j6/a1?t=xCN2EMV3XJbEl5Kod2LHuJVEpVd7GVQFQUZX2Y92a26nNSaJIbiQjpU7mj82WWfEKklcmTmbVR2Szxw5UYlqOEZMRTkUqE6rCK10IvOiXMQi1WUEqiarH4pjdR9MAI0EkcdklSWtVgQRlqsZGc-pMf0HFbtQo7vroQy3W2lQYSQ56_zefD2nN_4_Z96uWphx8mxh-DRC0ZoFVLovd1Hrikl33YyLLT0U7Jj3Ed9SEL65Ve6wmFba-fsRNXcUDV8TFixYfvI,https://octopart.com/opatz8j6/a1?t=0_SkHs6JVvqGaFVJHDRXUBEa-fKa4ed_FGnQBdpJaeWV746bn7LvdYMY9saF4f1mpsJQEKqmOJtW0T8haiklauY4246lpFip3gQ2RQ2dHbGYAEPDvzSrbzomeJl9lLErUwvOtCs5LfkndSM75ODJBxsSoubK7TuVt_qRey0Pr6zLuHPvD_b0l8LkBrd63FZaW3pPTVRxDQ1FlicG4OxJf309TrHzfbTuE-8yNNl7W8UBymP-ZFCyND9Qg6AsPKTRxzWoWdU,,,Newark,95C0990,Cut Tape,0.048,0.048,0.048,5373,1,https://octopart.com/opatz8j6/a1?t=0_SkHs6JVvqGaFVJHDRXUBEa-fKa4ed_FGnQBdpJaeWV746bn7LvdYMY9saF4f1mpsJQEKqmOJtW0T8haiklauY4246lpFip3gQ2RQ2dHbGYAEPDvzSrbzomeJl9lLErUwvOtCs5LfkndSM75ODJBxsSoubK7TuVt_qRey0Pr6zLuHPvD_b0l8LkBrd63FZaW3pPTVRxDQ1FlicG4OxJf309TrHzfbTuE-8yNNl7W8UBymP-ZFCyND9Qg6AsPKTRxzWoWdU,
C315C180J5G5TA,1,KEMET,C315C180J5G5TA,https://octopart.com/c315c180j5g5ta-kemet-1839992,Cap Ceramic 18pF 50V C0G 5% Radial 2.54mm 125 C Bulk,,C41,,,13w,Compliant,1,399-C315C180J5G5TA-ND,80-C315C180J5G5TA,,,,Bulk,Bulk,,,,0.42,0.28,,,,480,2624,,,,1,1,,,,https://octopart.com/opatz8j6/a1?t=_Ybq1IWHutvddr36JJpiM6TrbFKkI0vIlRpcdtdlMhn4F8GmeuG2Z-pVCjte3tqKz9fcOHxqnBf6ucbvSA2eZJN90Mh1V7S0DIGKgfIVk168drjSbr-cR3V9g_5WyrYBw3RQ2nqtS2JtBzEOvYi0mU3h8NjVUI4FI2IySI2WO3Zs6_nNicrztaB-t_XgQLwd5XcunRFByGA40CAyzJ-o9vDEfTU3m-CYdPtB4LAxiRFPguMn0meWGAHWmaSiAWtJTXt7,https://octopart.com/opatz8j6/a1?t=OJ5cx3Lk9q0qV7hDbHhDUkAJSgqidePTYojKSy7QNWGPjzGa7uhQ9mMoFvYClt4MNcKGKGuzW2KlxZereAT52i_IEVp9GzCB63TmOdThMpTig-ux8_dumz6rr2ZqXVHzcw1qahVPk2-Pkor0TESOJKwmxDlSRnYwN5mZgyPR3uNgzDIsQomP2XZ01_F3gVwWqfX7H0KNL2rAcvXFmvCw1uSRE3ynA_W3PkXdmhfS6z7mCyNfinEX-djC_bUOFhQzdP25,,,,Mouser,80-C315C180J5G5TA,Bulk,0.28,0.28,0.28,2624,1,https://octopart.com/opatz8j6/a1?t=OJ5cx3Lk9q0qV7hDbHhDUkAJSgqidePTYojKSy7QNWGPjzGa7uhQ9mMoFvYClt4MNcKGKGuzW2KlxZereAT52i_IEVp9GzCB63TmOdThMpTig-ux8_dumz6rr2ZqXVHzcw1qahVPk2-Pkor0TESOJKwmxDlSRnYwN5mZgyPR3uNgzDIsQomP2XZ01_F3gVwWqfX7H0KNL2rAcvXFmvCw1uSRE3ynA_W3PkXdmhfS6z7mCyNfinEX-djC_bUOFhQzdP25,Alternate: TDK FG18C0G1H180JNT00
UVR2A010MDD1TD,1,Nichicon,UVR2A010MDD1TD,https://octopart.com/uvr2a010mdd1td-nichicon-10319218,Radial Can ALUMINUM ELECTROLYTIC CAPACITOR UVR 100V 1muF ±20% 0.197Dia 5.00mm,,C23,,,21w,Compliant,1,493-12811-1-ND,647-UVR2A010MDD1TD,,,,Cut Tape,Ammo Pack,,,,0.27,0.26,,,,2306,3486,,,,1,1,,,,https://octopart.com/opatz8j6/a1?t=1CwlnUEGb0Yzd-rQ3PTpKk3pT-oW1WoJy_hiyki38WI8AljH0rbqoAbuVeQo1AanOu5C0j13HESkvB7UMoCUEn7KKUX8AtSJ1frIZ5aeXZJHvyRdBd4QZP__A6EC50qNhI9ASP8CcY4Gb7vdW1outkiahHno6-xvpZIT8_oKN5FfBE9_77yteWyIbJJCG7L_gxfncD_QvU9FukQDFtZbz_NJA2kr4xI_xgEcL7Ryax4NXo_6hDd_sfq_AXzmK8N6m2qv,https://octopart.com/opatz8j6/a1?t=BJ2hc4Qr0YJ1TOE4zZsArSKNTJsSvWSkhM6La5dygzTw_8PDWyjZI9EPkZ8-2ysqykUTGDpCXt4phLUsZ7XVRR0Pk8tk5h5lUFVxW40OFShXB1AG117_pY8WPYbwWEwKgRcBVypPzx3C2eoA2ku1JE2Y0erYiV3wTGQJJvSqY1oz6EgFxfnNtHBgxPnE3ROAdE7dwgO5C29ZFchbqH55UuJLO8x3duzgda-ixhZV80RNpbOwAHx0tI_cmaOpkoY4Xy8j8Q,,,,Mouser,647-UVR2A010MDD1TD,Ammo Pack,0.26,0.26,0.26,3486,1,https://octopart.com/opatz8j6/a1?t=BJ2hc4Qr0YJ1TOE4zZsArSKNTJsSvWSkhM6La5dygzTw_8PDWyjZI9EPkZ8-2ysqykUTGDpCXt4phLUsZ7XVRR0Pk8tk5h5lUFVxW40OFShXB1AG117_pY8WPYbwWEwKgRcBVypPzx3C2eoA2ku1JE2Y0erYiV3wTGQJJvSqY1oz6EgFxfnNtHBgxPnE3ROAdE7dwgO5C29ZFchbqH55UuJLO8x3duzgda-ixhZV80RNpbOwAHx0tI_cmaOpkoY4Xy8j8Q,
K221K15X7RF5TL2,3,Vishay,K221K15X7RF5TL2,https://octopart.com/k221k15x7rf5tl2-vishay-39474895,Cap Ceramic 220pF 50V X7R 10% Radial 2.5mm 125C T/R,,"C20, C21, C44",,,17w,Compliant,3,BC1068CT-ND,594-K221K15X7RF5TL2,57AC2378,,,Cut Tape,Tape & Reel,,,,0.24,0.23,,,,28820,29985,31300,,,1,1,10,,,https://octopart.com/opatz8j6/a1?t=CL7ge6ggNlTbRJAvyWk3ridntMyq8_e8L6nOIvfJaJTFfBbtrxrvcw_pMWuxDqdwzwqEkcOCrBcNFS08YgzcxCeb-ou4uOKPYdB-SINKzi0VuCqs2lJgDePVbYjX0-_Lge2uPpZis_gf_WyFyL1jr3nC9hGwtoeTtB2hz1R_Pu1hquSoC7rP_29yXfmYY4gL5470jmNU_IT35__qaBtwvs9i6nZCo-xa5_CWx7LiK33uyz-Xf1GsmIBQl-KFiIlZ3Vw,https://octopart.com/opatz8j6/a1?t=AzuSMob1pDzIVb-2YfvnUVmnfinmYOs2terXrE0XAub7aFqZ4nHBfOF76aLdDeQZyY56Avxmgk4sa6SAFIzdza_0DZbMisVyJrI-QI8BoDN1r2aopLxSEJAKNFsGDQchrQCKuYFIZ2n6ug5Ndkez7EAyfaMXU8E1gpY5l_2qMSO9xfpxoz2BHR3BRM4OJrajEumZWT55_dE9aj2JwFSz7D1jey9EPfFSr4lKLKfWfKO_JD6rLUm_Lyv6KI7hLTfD3WFtU0A,https://octopart.com/opatz8j6/a1?t=YBkCmiVoxqYBot6uQPXwNmns7cVPPkDW8rs2eQVlepgSXax1BAflomJ4L5ER_e4afmt_F61bFYxEUhGkMMe-abFw_h4CPCB0d2HeUZ6yf0exe24gUZYaJRIlVGuhC66M9SRZLP28JOyOWrkxOxruXX1iX1spfIXaOfpJvipj2i6T0qGUjJLt1c1rdpXQk7KhtNGkkcZ6YB9ndlc6hNxTP0uRvk0dHphXdgEQlLhDIAdQYw09V9Gn_q_pgkpY4K7isPg5tQ0,,,Mouser,594-K221K15X7RF5TL2,Tape & Reel,0.23,0.6900000000000001,0.6900000000000001,29985,1,https://octopart.com/opatz8j6/a1?t=AzuSMob1pDzIVb-2YfvnUVmnfinmYOs2terXrE0XAub7aFqZ4nHBfOF76aLdDeQZyY56Avxmgk4sa6SAFIzdza_0DZbMisVyJrI-QI8BoDN1r2aopLxSEJAKNFsGDQchrQCKuYFIZ2n6ug5Ndkez7EAyfaMXU8E1gpY5l_2qMSO9xfpxoz2BHR3BRM4OJrajEumZWT55_dE9aj2JwFSz7D1jey9EPfFSr4lKLKfWfKO_JD6rLUm_Lyv6KI7hLTfD3WFtU0A,
ECA-1HHG2R2I,1,Panasonic,ECA-1HHG2R2I,https://octopart.com/eca-1hhg2r2i-panasonic-12553061,Radial Can ALUMINUM ELECTROLYTIC CAPACITOR NHG 50V 2.2muF ±20% 0.197Dia 5.00mm,,C9,,Production (Last Updated: 3 years ago),21w,Compliant,1,P19525CT-ND,667-ECA-1HHG2R2I,74AK7354,ECA-1HHG2R2I,,Cut Tape,Tape & Reel,,Bulk,,0.26,0.26,,,,13013,4919,5910,2000,,1,1,5,2000,,https://octopart.com/opatz8j6/a1?t=1tnCyXrTFY2O2MxODjuXH0ly94WG6LdAUjjR_cwi9guXDqhOzQaRB86hHbX5dxTifL_TyhRL5bMef9wXwphFrFbD1UXkV9OwzTeRsxmtswUP4-727Db5f2egGOdK1m0L8Srfrb3iAu6yQgWBJST2ZGHVCOauSCc4Fg-EhGJn_bDZjgpymJjy6n5-vb-HMzuvOJXZbLkcDTdDqRW02CgQ4zaKTuAesalUtoCOeoGzjPgT4Kwvfhbqwk_gRMNj08IYr1aMqw,https://octopart.com/opatz8j6/a1?t=zUq4FFK3rwSgDDevUvbC5TwOioWKL-MLOnzke7FRFfPi_BdYikLhQJi9ur2s3QzIlDEcWFMMkC5cWqSpOkGNUQSNqtoRzT2vQLQrl9rGh89RlcF3Di33c-YaAO9rXMf9y5qC2h9IczsOQbBwm4CxFFTK-sKHLnqrBmZBPmV6qae1K5EJq73zEkAwBd0Ak_T9ZmyCiZHUqqnUrT_qHntsaPQt6CDzFRM33kLG9WgYHh4DmAt5v6ewtoPNx91PxKxKM4xqJw,https://octopart.com/opatz8j6/a1?t=WTC6tKESgQfhCFesvv5yZDMyfGQss0mKCsZ8DSEIA3UPmramKLIGJCO7rxhXwxrLA37RHVHiryspvVSZNeBYMoNKhHzwS56vuJuwkfb4WbcWeLQu-Y3sn9g3r6cliep7cuD6ED7C76v4EfdDdMPgoe8TFxmRHjuxCIoMqe4_WruF2GWTkQbgadyvsH7FJUy5V9Eu859RZXfsIqJpOMcBaXimKZhsKE3ZtcC8BbnCL9IEPxGWzcjFpEw-nXmVG8X8QmuZGVM,https://octopart.com/opatz8j6/a1?t=iSIuGHyMoDSYeOB28nFHw1nZ-RfCzp6brvuF6qzDdQVuUB_3Tb8DnyodLFFY2hnb7nDN1jeEAQyAe2ZbCG5AGP676MSxHAXZHV10-FBMd3-WqAw1LPvGz6T9ZsjVsNsPVoln3C3PxyaCqenzcLS9wjyg5l1uGIH8kgoV9gBfye5MljRxfWoDTXs5UeZwCcullM2BBGgdvuK5cIJYKboVP98aOrhOyH8qXaJs49aZmuc2onDUad9l2NY9OuFB_bD4c0Dlu_Y,,Mouser,667-ECA-1HHG2R2I,Tape & Reel,0.26,0.26,0.26,4919,1,https://octopart.com/opatz8j6/a1?t=zUq4FFK3rwSgDDevUvbC5TwOioWKL-MLOnzke7FRFfPi_BdYikLhQJi9ur2s3QzIlDEcWFMMkC5cWqSpOkGNUQSNqtoRzT2vQLQrl9rGh89RlcF3Di33c-YaAO9rXMf9y5qC2h9IczsOQbBwm4CxFFTK-sKHLnqrBmZBPmV6qae1K5EJq73zEkAwBd0Ak_T9ZmyCiZHUqqnUrT_qHntsaPQt6CDzFRM33kLG9WgYHh4DmAt5v6ewtoPNx91PxKxKM4xqJw,
K104K15X7RF5UH5,2,Vishay,K104K15X7RF5UH5,https://octopart.com/k104k15x7rf5uh5-vishay-40993312,Cap Ceramic 0.1uF 50V X7R 10% Through Hole 5mm 125°C Ammo Pack,,"C8, C46",,,17w,Compliant,2,BC5229CT-ND,594-K104K15X7RF5UH5,26H2665,,,Cut Tape,Ammo Pack,,,,0.26,0.26,0.009,,,58145,51418,4,,,1,1,1,,,https://octopart.com/opatz8j6/a1?t=T7jGAH9z29jXgxcI5n6IdTphMlWo-3qaGuxhgni6u5TekSsaPqisRF1CG5yUu-Nk2dFWaLn6rlZZvMuYzdY4MiQm5HB1RuPpmXpEohtNVRtoRdEUfySJDRrwGC7dvCyrYDjoOoHzp73EhC4oTsKJyxv_yd4yahxCpOikCghSW9w1DJ1XQspgyjybKPqaLkVA5hqTULfvqMlWxhtAUnGs4aSA2TOEP0YrQPRkSOn7lFhMchMqwV0Dm902zpN4_Tg8QaRhvg,https://octopart.com/opatz8j6/a1?t=LAtqjB-cuW-lbCSdg9Fyu2auID-oNCo99OUVDKyZi23r7e-oRxOjsp3Xi2WFY6zxsvoPGK7xdlMx6uFR8U9jAkEgGU6z3kqHdFGKh4-wtF-uPAJJlPuz-JJ_gyOuhEx7x8KT-q1tOljY7Ipl3u7Am159MB7kRl18ZK3mUtNB5lRxB1bHub9f7WAbS-bznE7nVnJCcF8j3FuLj4o8LLWqDOI0SmYdbVNwktrgdmSqxCpfjRbAcPpNyXuvAIm0fw8UzfOCg5c,https://octopart.com/opatz8j6/a1?t=SIiBJ3cQkEknCcMfc4LKXXX8VfXLglqzkdlRx-ttpkqolB1QcFQBXOSpy6HXg1FptpmoqdmIXu3bjS3jd-HeEPGmeYtg5Q4H2cLr7kcMZhZnX1d6fUn27RnETltUZk4zTOM4v5tXSO4EJ9mqlHzk-DTOzVVNySF3nQUl8YL1t5tAVOBFcFeE6r6w-Ftd4LFVHdneqV6jNfwVxsiF4CwQcjE_KUUQM5OQjuj0h-aCwNMewyuELw16FaAmafBxtDZWrBh9hKc,,,Newark,26H2665,,0.009,0.018,0.018,4,1,https://octopart.com/opatz8j6/a1?t=SIiBJ3cQkEknCcMfc4LKXXX8VfXLglqzkdlRx-ttpkqolB1QcFQBXOSpy6HXg1FptpmoqdmIXu3bjS3jd-HeEPGmeYtg5Q4H2cLr7kcMZhZnX1d6fUn27RnETltUZk4zTOM4v5tXSO4EJ9mqlHzk-DTOzVVNySF3nQUl8YL1t5tAVOBFcFeE6r6w-Ftd4LFVHdneqV6jNfwVxsiF4CwQcjE_KUUQM5OQjuj0h-aCwNMewyuELw16FaAmafBxtDZWrBh9hKc,
K331K15X7RF53L2,11,Vishay,K331K15X7RF53L2,https://octopart.com/k331k15x7rf53l2-vishay-42623274,"Ceramic Capacitor, Multilayer, Ceramic, 50V, 10% +Tol, 10% -Tol, X7R, 15% TC, 0.00033uF, Through Hole Mount",,"C5, C27, C28, C29, C30, C31, C33, C34, C35, C36, C37",,,17w,Compliant,11,BC5150-ND,594-K331K15X7RF53L2,,,,Bulk,Bulk,,,,0.143,0.075,,,,22458,34517,,,,1,1,,,,https://octopart.com/opatz8j6/a1?t=jkehwns3PxWzn0vBSCN8QUBSOvzEjzibemI_JIeDy5eOSawrkS7OYm8g0Est73mvEqddMZmKr0GjQWIVIiVbVP4ajArMUxZ4GbaCJDz4l2KZ1tO28ffOHhvPz0-2yXbkSITTweFcEY06_r8yBLh-FacAzFt0b7Jhlkl3Aw2zMrj0G-4ktZhw7__J93PJFvQFlqHjcU9WMkLkD9XEqFQUZk03NiMiMRo_UHN-I5ZqXgxzIrq9ALmZcJpGhmuPdE3IHjkJBA,https://octopart.com/opatz8j6/a1?t=2cyCU8Xn2az7PKafdbbESYE7JWnKotXvPboRhWkDF0KHsb5ZabtqM5SJ7YEmSUArkDx1erk5AJOr0KDn4_Kgq8SE9v6m3Cm9uFWcLsjlzg9zpiCvTDyQU5MtNycS8fpG7OSruR46wPedN2k3q6FLvTjZnWj75dyvivBtQdP0Wt0algyaYRpM_ZyNwnLA-dj9bjn5Q1kp-T2mOd9ilGbXhj2jc1oswTGPKZojzhhI4mxYLksGeMYDD5XtfqID1BNpv9AqUBE,,,,Mouser,594-K331K15X7RF53L2,Bulk,0.075,0.825,0.825,34517,1,https://octopart.com/opatz8j6/a1?t=2cyCU8Xn2az7PKafdbbESYE7JWnKotXvPboRhWkDF0KHsb5ZabtqM5SJ7YEmSUArkDx1erk5AJOr0KDn4_Kgq8SE9v6m3Cm9uFWcLsjlzg9zpiCvTDyQU5MtNycS8fpG7OSruR46wPedN2k3q6FLvTjZnWj75dyvivBtQdP0Wt0algyaYRpM_ZyNwnLA-dj9bjn5Q1kp-T2mOd9ilGbXhj2jc1oswTGPKZojzhhI4mxYLksGeMYDD5XtfqID1BNpv9AqUBE,
K103K10X7RF5UH5,20,Vishay,K103K10X7RF5UH5,https://octopart.com/k103k10x7rf5uh5-vishay-44280222,"Multilayer Ceramic Capacitor, 0.01 uF, 50 V, ï¿½ 10%, X7R, Radial Leaded",,"C2, C3, C4, C10, C11, C12, C13, C14, C15, C16, C17, C18, C19, C22, C24, C26, C32, C38, C39, C40",,,17w,Compliant,20,BC2662CT-ND,594-K103K10X7RF5UH5,92K1095,,,Cut Tape,Ammo Pack,,,,0.16,0.096,0.04,,,43792,32894,8563,,,1,1,1,,,https://octopart.com/opatz8j6/a1?t=hr-45SI-a2uJMY4Be3mSboFoxupwY3S2X3joRZOdU7ia84UqbRBjSIGThVXIO4W6MGlbx34od69TyhoMlhMVFJIig11mAkZQcoNxUo9ia_47m6NwjdqKFgNwih7pyxWwh_f1i0XI8z5wKYr3yyr2sDb3aPtgLcQqIunCE9iZf7yLqV0y_cYjgCA8K9QgKiDAv15RYk70SOrHZcg0mbXJADlHhlckCLdCFSqgvABQ6bqPjVxk-our3OIwprdsoBY2aC0,https://octopart.com/opatz8j6/a1?t=tniYY9OVx9n4DYp9ESUumWPDxZ3pD81MsgP9siVXthvDpAQx7u1o1B4jIFJc1A6UXQWFTGFU0Uh-f0XHhAodQ3IWRq3DIrj9sHW9aF2HfOQlY0WINhLwKpWecFpe5to8TC2Oqv3ELkmeXN1t8nlo-q8q_IzTU5U5zySiWCvE6vR5Si6-dTIHarfMztWV97_v_hqIQi3b6tnE0xt3HYHJQEfgSUVxjAhGgOdrOCyi9dpcRs7Pb1k7sudhAVxv5qnA4Na0Ig,https://octopart.com/opatz8j6/a1?t=aG_ccroNFTR0tzG1_wqRxeJgxU1Z8siKYQ9e0Jll0eY_584SrQYNch8PNxBQgQpoou3YOZOHwi4Kl5ghbNhiL_L30uzSQkrkPQcRjHS2sLtWJj-AvNu58sm6Ygb0_ahQHLKBhyEIi4d8e18R4zLBq8soaF7Ap-EUC9zFSSUEvofH7_yr44Yvx_QyH1Km7a2NuTj1iOOV00YLWel14PmtggCGQKQ1gmB_eLEVEh7NquvsfO1KyUp-EkkgoddjLicaulQcxQ,,,Newark,92K1095,,0.04,0.8,0.8,8563,1,https://octopart.com/opatz8j6/a1?t=aG_ccroNFTR0tzG1_wqRxeJgxU1Z8siKYQ9e0Jll0eY_584SrQYNch8PNxBQgQpoou3YOZOHwi4Kl5ghbNhiL_L30uzSQkrkPQcRjHS2sLtWJj-AvNu58sm6Ygb0_ahQHLKBhyEIi4d8e18R4zLBq8soaF7Ap-EUC9zFSSUEvofH7_yr44Yvx_QyH1Km7a2NuTj1iOOV00YLWel14PmtggCGQKQ1gmB_eLEVEh7NquvsfO1KyUp-EkkgoddjLicaulQcxQ,
ECE-A0JKA101I,1,Panasonic,ECE-A0JKA101I,https://octopart.com/ece-a0jka101i-panasonic-15327038,Cap Aluminum 100uF 6.3V 20% (5 X 7mm) Radial 2.5mm 71mA 1000 hr 85°C Ammo Pack,,C1,,,21w,Compliant,1,10-ECE-A0JKA101ICT-ND,667-ECE-A0JKA101I,,ECE-A0JKA101I,,Cut Tape,Tape & Reel,,Bulk,,0.25,0.24,,,,837,3708,,6776,,1,1,,2000,,https://octopart.com/opatz8j6/a1?t=gYuqwOjfiL3pDY6ip-OCJ2tpV5140nHmeoQF4Lqvsb73x6OK8G8CjEMhTO6iAac6ahl159vXkEUgh-aTPsxUZaFPMQN-PPzuuF19VGofwdO0xuwYqBwFCb2CuV_EBL1QmZudctL_e8GywpffUGuyFHCqDVR5hUCs0_8GLiM2fz2CoJK1u4WOkbqboMGI1Gz3CdlsABmo6jL2lcyZ9j6sVASFJdU9Dutazu79ShCtRVJilb3O3BGePeffpk0rlnQnFN-L,https://octopart.com/opatz8j6/a1?t=f__fC_m4mV5AhjO00zrOmiERD9UZPiC_SG3XA4mOo9uS55YOHi5keIMVw8CTRsW2PmcAgn03KCaIm2XD_M6mI7dV0Fnti8ZKpfl4oTWSCc8YPRs05AIYkdrpggj13XiU-CkT3NQpeZPfI0ep9L2u_TNLEEpb5a0p22HvezxMsJquIF-KmldK_nZ_2Uij_GBK2ltqnoN1d3nQaDRDyg1tSgGSiVf3pnPdi12HoQQPNva73lOX5BDiYJaT1UsCT4WzCcaA,,https://octopart.com/opatz8j6/a1?t=Ef_vGC1MJyEn4WWH5Ipof3WfciIDVLK9wdB_apuEarnyVw5YE6DANM19Bln8c7qDckQaGJcrJb8KXW_3Iwth-I0Z4DNoBR8XERQy6NVsmBPJmMi_uIt_7NRcgxwaBFRM_e8AH4tFz6KmBnS3hCMwagkXxGPAYsAD7vkVw6PXRVwA1t2H3OBpxhLhz4dRz2FzFogzsjol8jMX8Pnx3R8JSoE9AQ2VRRIwP9HtFSQ5YVsM-mBnE_8Wbd9VPF7nPOgkjc-Jcw,,Mouser,667-ECE-A0JKA101I,Tape & Reel,0.24,0.24,0.24,3708,1,https://octopart.com/opatz8j6/a1?t=f__fC_m4mV5AhjO00zrOmiERD9UZPiC_SG3XA4mOo9uS55YOHi5keIMVw8CTRsW2PmcAgn03KCaIm2XD_M6mI7dV0Fnti8ZKpfl4oTWSCc8YPRs05AIYkdrpggj13XiU-CkT3NQpeZPfI0ep9L2u_TNLEEpb5a0p22HvezxMsJquIF-KmldK_nZ_2Uij_GBK2ltqnoN1d3nQaDRDyg1tSgGSiVf3pnPdi12HoQQPNva73lOX5BDiYJaT1UsCT4WzCcaA,
K153K10X7RF5UH5,2,Vishay,K153K10X7RF5UH5,https://octopart.com/k153k10x7rf5uh5-vishay-44033224,Multilayer Ceramic Capacitors MLCC - Leaded 15000pF 50V 10% X7R 5mm LS,,"BC1, BC2",,,17w,Compliant,2,BC2671CT-ND,594-K153K10X7RF5UH5,,,,Cut Tape,Ammo Pack,,,,0.24,0.24,,,,18645,15190,,,,1,1,,,,https://octopart.com/opatz8j6/a1?t=czswvFxxH94Q7xoia3tiP7kzWxPU2plNZuVITqvESpxgcGnQy6cIUnk60MuqMwm4Li8NXSMbdmky23DS3jHWL2v5pkMF6vq27y37SGuoQs8WINbYvXdvKLSH-hjngF9gVZ0pT3jfNgL0_j-UYnsI9OnY8a-g8ZDXWrPaKDkbLM3Q04iuVsIUbEX6Jsyiu8_SrkVJdZ1qnTW0PHMY2wNqoWSAFKCvv0S--vJVBpeUcuXokYoxQrDLf162M0hnrRwtPO8,https://octopart.com/opatz8j6/a1?t=fbBEtH5ZKoOpMpLdIgdv2eOpWWbPNw3K2gwDc360LP_U5gEyzwvXU8yM-Y9vbdyaJcATgFR_MuZJddGFQgi-g4g8OmIcjE8GXzCEmPSo7TgdWTrYmcLdZHaSdh3Jly32KtZR36sAT_UXkU1d6Wle-duzBrPUNBX_Zp4254Unxu6ck6UkxSZS1pC2y3wWw97F7zPEhYWE_Y9zG3Ml-eVoDBA0zy-tIOALjOtaD7ZmqjaT1rQ55dj_lBKErzM9S6rAcoIeIg,,,,DigiKey,BC2671CT-ND,Cut Tape,0.24,0.48,0.48,18645,1,https://octopart.com/opatz8j6/a1?t=czswvFxxH94Q7xoia3tiP7kzWxPU2plNZuVITqvESpxgcGnQy6cIUnk60MuqMwm4Li8NXSMbdmky23DS3jHWL2v5pkMF6vq27y37SGuoQs8WINbYvXdvKLSH-hjngF9gVZ0pT3jfNgL0_j-UYnsI9OnY8a-g8ZDXWrPaKDkbLM3Q04iuVsIUbEX6Jsyiu8_SrkVJdZ1qnTW0PHMY2wNqoWSAFKCvv0S--vJVBpeUcuXokYoxQrDLf162M0hnrRwtPO8,
GKG30015,1,Panasonic,GKG30015,https://octopart.com/gkg30015-panasonic-120079986,Cap Trimmer 6.5-30PF 100V Th,,TC1,,,22w,,1,2447-GKG30015-ND,,,,,Bulk,,,,,1.07,,,,,16092,,,,,1,,,,,https://octopart.com/opatz8j6/a1?t=TBGJ8sh8AcSjA8YtQyuHx9UtujNwxwa0LZfNVgIfZgvIkgF5Et27gWHF0tvcEOL0DpvwsGfQGESGDUMujJdPcgs8_xjw1kC6yggmUeYw7AObp3Fk7XF4io7Kjp8gSMZxb7SEoMDdVy4D1qWm7VxgPhnm1O0sxJ8FbidpVAIEiJ0tWu_HF0q335NA-vRI7z8JM3H2JYJxCzOaACqKQ88B3q0K6RWZg14VVS3baf5qQ8Z9N2bbbm5suSouo-pJRM4DNxYOAg,,,,,DigiKey,2447-GKG30015-ND,Bulk,1.07,1.07,1.07,16092,1,https://octopart.com/opatz8j6/a1?t=TBGJ8sh8AcSjA8YtQyuHx9UtujNwxwa0LZfNVgIfZgvIkgF5Et27gWHF0tvcEOL0DpvwsGfQGESGDUMujJdPcgs8_xjw1kC6yggmUeYw7AObp3Fk7XF4io7Kjp8gSMZxb7SEoMDdVy4D1qWm7VxgPhnm1O0sxJ8FbidpVAIEiJ0tWu_HF0q335NA-vRI7z8JM3H2JYJxCzOaACqKQ88B3q0K6RWZg14VVS3baf5qQ8Z9N2bbbm5suSouo-pJRM4DNxYOAg,